,FileName,Boxes
0,a.jpg,"[[997, 480, 1066, 642]]"
1,fortepan_100000.jpg,"[[41, 70, 1231, 778], [142, 468, 329, 805], [380, 528, 568, 792]]"
2,fortepan_100012.jpg,"[[33, 328, 511, 1045], [356, 334, 695, 991]]"
3,fortepan_100034.jpg,"[[315, 226, 541, 580], [533, 220, 784, 590], [687, 87, 858, 381], [442, 64, 634, 400], [786, 216, 1023, 684]]"
4,fortepan_100174.jpg,"[[979, 508, 1144, 737], [29, 209, 1246, 753], [228, 534, 381, 764], [629, 328, 750, 476], [522, 360, 629, 506]]"
5,fortepan_100952.jpg,"[[736, 404, 996, 881], [206, 401, 498, 954]]"
6,fortepan_100953.jpg,"[[509, 286, 845, 911], [99, 290, 570, 917]]"
7,fortepan_101280.jpg,"[[122, 298, 307, 763], [445, 343, 623, 816]]"
8,fortepan_11030.jpg,"[[152, 26, 643, 1280]]"
9,fortepan_114613.jpg,"[[182, 148, 582, 1245]]"
10,fortepan_114620.jpg,"[[45, 230, 452, 1209], [412, 181, 775, 1169]]"
11,fortepan_114673.jpg,"[[161, 381, 364, 954], [314, 359, 526, 946], [333, 402, 780, 1011]]"
12,fortepan_114805.jpg,"[[170, 320, 551, 1161], [0, 277, 289, 1149], [409, 122, 709, 713]]"
13,fortepan_114806.jpg,"[[450, 115, 785, 1023], [167, 243, 604, 1044]]"
14,fortepan_114808.jpg,"[[296, 331, 522, 1073], [14, 514, 319, 1159], [485, 482, 699, 903], [621, 628, 839, 1204], [508, 539, 745, 1140]]"
15,fortepan_114809.jpg,"[[108, 275, 467, 1176], [419, 265, 856, 1060]]"
16,fortepan_114810.jpg,"[[512, 115, 902, 1079], [179, 343, 539, 1198]]"
17,fortepan_114811.jpg,"[[151, 132, 695, 1214]]"
18,fortepan_114814.jpg,"[[466, 541, 665, 845], [676, 609, 959, 1120], [78, 728, 599, 1208], [324, 671, 473, 845], [583, 497, 763, 772]]"
19,fortepan_114815.jpg,"[[88, 66, 681, 1260]]"
20,fortepan_114816.jpg,"[[378, 187, 1000, 1271], [155, 364, 621, 1168]]"
21,fortepan_114817.jpg,"[[189, 50, 467, 412], [217, 113, 566, 893], [938, 143, 1222, 786], [654, 243, 1039, 837]]"
22,fortepan_115046.jpg,"[[745, 914, 817, 1133], [936, 938, 993, 1065], [1195, 931, 1256, 1094], [979, 946, 1022, 1064]]"
23,fortepan_115047.jpg,"[[338, 966, 477, 1256], [711, 982, 755, 1093]]"
24,fortepan_115048.jpg,"[[116, 856, 218, 1082], [1174, 899, 1247, 1097], [35, 868, 109, 1068], [830, 902, 880, 1011], [1118, 913, 1159, 1027], [539, 879, 624, 1075], [599, 889, 649, 1015]]"
25,fortepan_115049.jpg,"[[1115, 990, 1166, 1115]]"
26,fortepan_115050.jpg,"[[734, 818, 790, 961]]"
27,fortepan_115051.jpg,"[[639, 810, 741, 1013]]"
28,fortepan_115052.jpg,"[[615, 855, 665, 998], [427, 847, 475, 1005], [506, 837, 576, 997], [375, 846, 419, 996]]"
29,fortepan_115053.jpg,"[[122, 743, 218, 991], [251, 785, 333, 978]]"
30,fortepan_115054.jpg,"[[399, 908, 479, 1112], [189, 847, 254, 999], [582, 867, 709, 1139], [722, 863, 818, 1118], [116, 833, 194, 1018], [854, 923, 924, 1070], [279, 852, 334, 939]]"
31,fortepan_115055.jpg,"[[527, 940, 606, 1086], [260, 945, 291, 1038], [1060, 807, 1127, 876], [295, 942, 327, 1053], [468, 955, 497, 1038]]"
32,fortepan_115056.jpg,"[[167, 756, 265, 1001], [570, 824, 627, 952]]"
33,fortepan_115057.jpg,"[[745, 837, 850, 1132]]"
34,fortepan_115058.jpg,"[[484, 757, 597, 1060], [665, 803, 735, 998], [724, 809, 773, 981], [773, 835, 837, 1014], [854, 807, 914, 988], [1004, 840, 1102, 1073], [1101, 817, 1211, 1075], [1032, 351, 1106, 506]]"
35,fortepan_115059.jpg,"[[561, 862, 612, 1023]]"
36,fortepan_115061.jpg,"[[794, 827, 864, 922], [214, 982, 275, 1143]]"
37,fortepan_115385.jpg,"[[359, 201, 898, 926], [147, 373, 478, 816]]"
38,fortepan_115769.jpg,"[[303, 635, 343, 693]]"
39,fortepan_115839.jpg,"[[1185, 483, 1260, 684], [753, 505, 817, 680], [466, 519, 513, 663], [434, 522, 504, 659], [67, 451, 179, 746]]"
40,fortepan_115873.jpg,"[[223, 199, 774, 1270]]"
41,fortepan_115905.jpg,"[[129, 187, 508, 1108], [449, 365, 718, 776]]"
42,fortepan_116016.jpg,"[[160, 596, 218, 710]]"
43,fortepan_116205.jpg,"[[456, 410, 744, 1173], [100, 466, 315, 842]]"
44,fortepan_116208.jpg,"[[584, 466, 871, 1178], [293, 408, 427, 629]]"
45,fortepan_116222.jpg,"[[201, 160, 637, 909]]"
46,fortepan_116504.jpg,"[[318, 76, 810, 1131], [12, 61, 457, 1211]]"
47,fortepan_116565.jpg,"[[414, 143, 905, 1277], [1, 239, 532, 1280]]"
48,fortepan_117761.jpg,"[[35, 388, 634, 1174], [565, 404, 934, 1225]]"
49,fortepan_117782.jpg,"[[577, 683, 870, 1241], [346, 19, 573, 609], [163, 22, 394, 435], [296, 636, 624, 1238], [83, 742, 288, 1248], [87, 327, 357, 887], [533, 338, 765, 696]]"
50,fortepan_118675.jpg,"[[187, 334, 769, 1173]]"
51,fortepan_118698.jpg,"[[481, 117, 843, 1183], [136, 84, 507, 1149]]"
52,fortepan_118714.jpg,"[[238, 99, 584, 1221]]"
53,fortepan_11963.jpg,"[[77, 54, 511, 862], [853, 101, 1230, 891]]"
54,fortepan_120456.jpg,"[[297, 450, 614, 1280]]"
55,fortepan_120457.jpg,"[[322, 518, 608, 1276]]"
56,fortepan_120590.jpg,"[[455, 224, 807, 1094], [73, 223, 638, 1167]]"
57,fortepan_120612.jpg,"[[440, 440, 727, 1158], [205, 477, 444, 1143], [351, 445, 616, 1178], [307, 176, 586, 611]]"
58,fortepan_120687.jpg,"[[36, 90, 1249, 840], [508, 633, 669, 875], [9, 604, 164, 874], [814, 614, 995, 872], [158, 612, 328, 874], [659, 613, 820, 829], [598, 419, 749, 708], [355, 634, 524, 881], [681, 79, 795, 250], [995, 637, 1169, 885]]"
59,fortepan_120688.jpg,"[[609, 527, 801, 800], [137, 437, 282, 781], [950, 397, 1118, 736], [729, 398, 856, 636], [442, 529, 604, 792], [98, 190, 1099, 768], [800, 530, 976, 762], [811, 72, 939, 387], [381, 412, 504, 632], [601, 397, 731, 628], [698, 110, 821, 368]]"
60,fortepan_120689.jpg,"[[12, 613, 184, 861], [787, 584, 975, 845], [152, 617, 345, 860], [38, 81, 1253, 820], [394, 416, 582, 758], [682, 204, 809, 424], [949, 567, 1126, 830], [1116, 403, 1278, 662], [76, 409, 213, 690], [189, 90, 303, 322], [735, 401, 888, 707], [1068, 570, 1278, 830], [573, 557, 781, 833], [328, 172, 464, 437], [867, 408, 1021, 684], [453, 209, 597, 427], [317, 599, 552, 850], [565, 312, 752, 702]]"
61,fortepan_122901.jpg,"[[195, 652, 241, 712]]"
62,fortepan_123163.jpg,"[[273, 442, 318, 498], [172, 438, 220, 497]]"
63,fortepan_123165.jpg,"[[937, 448, 975, 502]]"
64,fortepan_12992.jpg,"[[270, 47, 715, 1261]]"
65,fortepan_130404.jpg,"[[587, 1095, 615, 1159]]"
66,fortepan_130405.jpg,"[[270, 333, 356, 511], [530, 440, 665, 603]]"
67,fortepan_130407.jpg,"[[503, 624, 548, 685]]"
68,fortepan_130409.jpg,"[[397, 695, 477, 841], [723, 595, 803, 761]]"
69,fortepan_130410.jpg,"[[234, 825, 265, 904]]"
70,fortepan_130411.jpg,"[[758, 496, 834, 620], [684, 520, 745, 604], [251, 574, 373, 727], [436, 718, 701, 933]]"
71,fortepan_130413.jpg,"[[320, 607, 367, 731]]"
72,fortepan_130414.jpg,"[[199, 888, 261, 1035]]"
73,fortepan_130889.jpg,"[[133, 109, 423, 841], [415, 230, 710, 877]]"
74,fortepan_131115.jpg,"[[131, 347, 317, 787], [309, 273, 579, 851]]"
75,fortepan_131119.jpg,"[[742, 322, 993, 825], [541, 272, 790, 819], [369, 277, 565, 793]]"
76,fortepan_131121.jpg,"[[79, 175, 591, 1149]]"
77,fortepan_131128.jpg,"[[55, 228, 848, 1249]]"
78,fortepan_131129.jpg,"[[655, 481, 878, 1152], [83, 492, 348, 1160], [358, 896, 601, 1224], [318, 161, 596, 825], [188, 410, 444, 1124]]"
79,fortepan_131130.jpg,"[[66, 148, 808, 1280]]"
80,fortepan_131132.jpg,"[[116, 240, 907, 1050]]"
81,fortepan_131147.jpg,"[[84, 132, 602, 1274]]"
82,fortepan_131762.jpg,"[[19, 182, 743, 1160]]"
83,fortepan_131767.jpg,"[[30, 231, 305, 1146], [407, 234, 745, 1182], [246, 222, 472, 1137]]"
84,fortepan_131768.jpg,"[[244, 615, 461, 1145], [441, 353, 707, 1144]]"
85,fortepan_131775.jpg,"[[368, 480, 586, 902], [550, 484, 716, 742], [706, 388, 915, 810], [378, 157, 726, 593], [88, 340, 322, 737]]"
86,fortepan_131776.jpg,"[[147, 171, 787, 1269]]"
87,fortepan_131793.jpg,"[[159, 65, 456, 478], [435, 232, 685, 690], [53, 276, 399, 773]]"
88,fortepan_131794.jpg,"[[525, 317, 843, 1108], [238, 437, 601, 1171], [44, 423, 399, 1227]]"
89,fortepan_131797.jpg,"[[59, 258, 616, 1276], [343, 678, 761, 1280]]"
90,fortepan_131821.jpg,"[[8, 51, 833, 1266]]"
91,fortepan_133664.jpg,"[[280, 172, 656, 1195]]"
92,fortepan_13376.jpg,"[[290, 50, 701, 1216]]"
93,fortepan_13386.jpg,"[[0, 79, 934, 1280]]"
94,fortepan_135041.jpg,"[[889, 375, 1065, 883], [377, 394, 561, 867], [571, 437, 726, 875]]"
95,fortepan_13726.jpg,"[[850, 488, 1046, 869], [490, 500, 681, 835], [670, 515, 862, 851]]"
96,fortepan_13890.jpg,"[[707, 321, 928, 907], [342, 471, 535, 926], [40, 393, 250, 868]]"
97,fortepan_139289.jpg,"[[154, 560, 459, 827], [63, 341, 252, 807], [590, 607, 1040, 816], [831, 295, 1016, 737], [426, 605, 560, 791], [354, 333, 482, 690], [83, 268, 1120, 842], [1040, 267, 1211, 781], [468, 204, 623, 423]]"
98,fortepan_150034.jpg,"[[95, 214, 909, 1116]]"
99,fortepan_150042.jpg,"[[423, 333, 788, 1148], [121, 371, 386, 1264], [275, 110, 574, 1088]]"
100,fortepan_150046.jpg,"[[44, 252, 783, 1273]]"
101,fortepan_150048.jpg,"[[226, 316, 673, 1145]]"
102,fortepan_150052.jpg,"[[89, 308, 372, 1174], [341, 340, 599, 1145]]"
103,fortepan_150084.jpg,"[[615, 147, 1097, 1088], [253, 166, 558, 1030]]"
104,fortepan_151145.jpg,"[[180, 604, 418, 934], [836, 650, 1058, 955], [918, 428, 1105, 780], [326, 123, 591, 538], [154, 381, 334, 756], [519, 585, 825, 923]]"
105,fortepan_15131.jpg,"[[87, 181, 1221, 854], [1, 603, 213, 914], [256, 508, 446, 921], [1080, 312, 1204, 602], [215, 310, 312, 462]]"
106,fortepan_151409.jpg,"[[380, 235, 741, 1056], [729, 251, 996, 522], [4, 216, 285, 1069], [1019, 255, 1276, 531]]"
107,fortepan_15154.jpg,"[[76, 25, 1226, 1280]]"
108,fortepan_151593.jpg,"[[159, 346, 697, 1152]]"
109,fortepan_151597.jpg,"[[420, 298, 804, 1134], [128, 125, 547, 1100]]"
110,fortepan_151599.jpg,"[[85, 425, 647, 1214]]"
111,fortepan_15160.jpg,"[[366, 700, 549, 1238], [520, 710, 687, 1242], [562, 834, 851, 1260], [251, 851, 429, 1244]]"
112,fortepan_151600.jpg,"[[523, 271, 661, 429], [640, 272, 781, 422], [936, 241, 1176, 777], [71, 229, 198, 441], [800, 291, 948, 428], [402, 199, 544, 419], [81, 361, 393, 821]]"
113,fortepan_151646.jpg,"[[57, 193, 1220, 723], [12, 284, 193, 722], [584, 307, 729, 526], [437, 319, 590, 553]]"
114,fortepan_15234.jpg,"[[39, 380, 229, 748], [989, 272, 1107, 460], [115, 284, 249, 477], [263, 277, 382, 448], [9, 268, 1260, 691], [1024, 387, 1171, 725]]"
115,fortepan_153840.jpg,"[[43, 560, 541, 1137]]"
116,fortepan_153871.jpg,"[[78, 39, 451, 766], [419, 80, 703, 751], [925, 110, 1269, 843], [612, 69, 967, 765]]"
117,fortepan_154953.jpg,"[[13, 99, 899, 1201]]"
118,fortepan_154955.jpg,"[[432, 106, 784, 732], [119, 365, 471, 1217]]"
119,fortepan_154957.jpg,"[[0, 145, 936, 1273]]"
120,fortepan_154961.jpg,"[[280, 126, 607, 696], [927, 97, 1255, 693], [694, 100, 972, 669], [43, 125, 329, 670]]"
121,fortepan_154963.jpg,"[[172, 184, 795, 1082]]"
122,fortepan_155294.jpg,"[[503, 409, 733, 1088], [14, 385, 345, 1031], [225, 230, 528, 734], [168, 492, 557, 1124]]"
123,fortepan_156492.jpg,"[[842, 576, 880, 652]]"
124,fortepan_156500.jpg,"[[615, 341, 822, 822], [339, 310, 514, 848]]"
125,fortepan_156505.jpg,"[[365, 555, 413, 680]]"
126,fortepan_156513.jpg,"[[739, 656, 804, 791]]"
127,fortepan_156526.jpg,"[[42, 561, 1231, 870], [1118, 598, 1223, 839]]"
128,fortepan_156531.jpg,"[[171, 362, 507, 1202]]"
129,fortepan_156532.jpg,"[[237, 425, 523, 1068]]"
130,fortepan_156533.jpg,"[[880, 574, 1007, 730], [37, 405, 1239, 753], [265, 459, 362, 711], [502, 437, 604, 658]]"
131,fortepan_156534.jpg,"[[947, 536, 1123, 777], [859, 507, 969, 701]]"
132,fortepan_157832.jpg,"[[499, 610, 649, 960], [394, 616, 511, 968]]"
133,fortepan_157837.jpg,"[[346, 673, 506, 1244], [478, 669, 658, 1280], [160, 620, 357, 1183]]"
134,fortepan_157853.jpg,"[[836, 650, 938, 743]]"
135,fortepan_157863.jpg,"[[494, 184, 742, 895], [52, 259, 325, 957], [288, 307, 606, 937]]"
136,fortepan_157865.jpg,"[[483, 518, 655, 930]]"
137,fortepan_157867.jpg,"[[235, 219, 528, 985]]"
138,fortepan_157870.jpg,"[[303, 188, 590, 990]]"
139,fortepan_157871.jpg,"[[478, 307, 820, 1043]]"
140,fortepan_157873.jpg,"[[166, 433, 369, 1118], [303, 117, 605, 1066]]"
141,fortepan_157874.jpg,"[[450, 654, 597, 875], [326, 713, 424, 870]]"
142,fortepan_157881.jpg,"[[35, 132, 422, 573]]"
143,fortepan_158850.jpg,"[[679, 822, 871, 1251], [344, 895, 521, 1158], [678, 402, 816, 551], [210, 401, 323, 555], [384, 617, 570, 1001], [541, 373, 701, 636], [38, 196, 856, 1160], [443, 385, 561, 726]]"
144,fortepan_159169.jpg,"[[6, 180, 729, 1280]]"
145,fortepan_159172.jpg,"[[2, 174, 849, 1280]]"
146,fortepan_159173.jpg,"[[129, 354, 757, 1121]]"
147,fortepan_159453.jpg,"[[615, 324, 835, 890], [770, 177, 961, 470], [898, 320, 1200, 898], [436, 327, 628, 602], [641, 116, 796, 420], [552, 217, 685, 461], [216, 409, 501, 915], [397, 137, 553, 428], [508, 90, 662, 305]]"
148,fortepan_159552.jpg,"[[143, 100, 828, 613], [631, 132, 1100, 661]]"
149,fortepan_159553.jpg,"[[217, 280, 580, 1194]]"
150,fortepan_159557.jpg,"[[332, 354, 661, 1096], [54, 546, 334, 1017]]"
151,fortepan_159559.jpg,"[[55, 52, 940, 1249]]"
152,fortepan_159845.jpg,"[[177, 196, 629, 1263], [653, 1067, 760, 1260]]"
153,fortepan_159918.jpg,"[[149, 284, 474, 1238], [466, 335, 768, 743]]"
154,fortepan_160030.jpg,"[[108, 275, 676, 1205]]"
155,fortepan_160193.jpg,"[[428, 209, 853, 895], [6, 185, 515, 1191]]"
156,fortepan_160194.jpg,"[[80, 150, 578, 887], [691, 100, 1153, 888], [485, 85, 782, 473]]"
157,fortepan_160197.jpg,"[[311, 257, 703, 973], [13, 314, 374, 1038]]"
158,fortepan_161464.jpg,"[[140, 166, 1021, 1202]]"
159,fortepan_162424.jpg,"[[249, 142, 681, 1157]]"
160,fortepan_162444.jpg,"[[119, 160, 632, 1279]]"
161,fortepan_162615.jpg,"[[17, 270, 694, 1217], [111, 210, 673, 754]]"
162,fortepan_163682.jpg,"[[33, 325, 282, 946], [784, 378, 1031, 945]]"
163,fortepan_163688.jpg,"[[216, 143, 583, 1168]]"
164,fortepan_163697.jpg,"[[443, 354, 746, 1122], [315, 189, 515, 648], [617, 318, 852, 766], [139, 385, 555, 1099], [614, 385, 886, 1049]]"
165,fortepan_163718.jpg,"[[202, 187, 633, 1206]]"
166,fortepan_164033.jpg,"[[349, 173, 739, 1128], [0, 163, 414, 1072]]"
167,fortepan_164034.jpg,"[[352, 147, 656, 1142], [64, 279, 454, 1211]]"
168,fortepan_164035.jpg,"[[156, 161, 574, 1183]]"
169,fortepan_164068.jpg,"[[160, 122, 469, 1212], [388, 254, 747, 1203]]"
170,fortepan_164371.jpg,"[[144, 210, 468, 754], [376, 228, 783, 1163]]"
171,fortepan_164550.jpg,"[[526, 431, 752, 862], [715, 499, 920, 860], [206, 415, 390, 904], [43, 377, 244, 983]]"
172,fortepan_170002.jpg,"[[265, 82, 649, 1229]]"
173,fortepan_172181.jpg,"[[703, 62, 964, 824], [223, 106, 480, 842], [464, 146, 747, 812]]"
174,fortepan_172594.jpg,"[[66, 289, 399, 1079], [354, 297, 746, 1112], [255, 132, 562, 652]]"
175,fortepan_174950.jpg,"[[513, 269, 715, 524], [383, 286, 555, 570], [786, 302, 1094, 800], [679, 192, 841, 507], [489, 554, 1007, 897]]"
176,fortepan_17979.jpg,"[[183, 859, 214, 934]]"
177,fortepan_183322.jpg,"[[952, 474, 1092, 752], [664, 394, 798, 759]]"
178,fortepan_183323.jpg,"[[565, 288, 722, 598]]"
179,fortepan_183324.jpg,"[[300, 606, 389, 839], [988, 545, 1087, 766], [603, 459, 660, 573]]"
180,fortepan_183325.jpg,"[[516, 482, 621, 691], [162, 427, 228, 557], [335, 396, 377, 502], [375, 399, 411, 481], [248, 403, 292, 514]]"
181,fortepan_183326.jpg,"[[462, 219, 682, 724]]"
182,fortepan_183327.jpg,"[[397, 648, 534, 963], [589, 104, 694, 304]]"
183,fortepan_183329.jpg,"[[1199, 471, 1250, 590]]"
184,fortepan_183337.jpg,"[[1087, 733, 1254, 941], [64, 323, 1231, 916], [790, 670, 952, 928], [960, 679, 1084, 943], [38, 435, 143, 675], [668, 678, 821, 936]]"
185,fortepan_183367.jpg,"[[335, 411, 528, 680]]"
186,fortepan_183368.jpg,"[[704, 326, 750, 442], [1008, 163, 1050, 261], [603, 333, 675, 409], [487, 310, 568, 420]]"
187,fortepan_183375.jpg,"[[519, 327, 577, 460]]"
188,fortepan_183376.jpg,"[[769, 190, 844, 342], [845, 200, 897, 318]]"
189,fortepan_183377.jpg,"[[643, 162, 736, 369], [940, 213, 1058, 428]]"
190,fortepan_183378.jpg,"[[186, 450, 241, 573]]"
191,fortepan_183384.jpg,"[[338, 470, 373, 537]]"
192,fortepan_183396.jpg,"[[405, 371, 470, 514], [1043, 338, 1163, 616]]"
193,fortepan_183422.jpg,"[[698, 448, 768, 586]]"
194,fortepan_183426.jpg,"[[122, 286, 390, 584], [349, 296, 589, 609]]"
195,fortepan_183450.jpg,"[[16, 323, 1271, 814]]"
196,fortepan_183452.jpg,"[[305, 474, 414, 654], [760, 463, 916, 655], [73, 418, 228, 691], [1067, 479, 1157, 683], [541, 461, 679, 674]]"
197,fortepan_183463.jpg,"[[932, 220, 1166, 703], [126, 193, 361, 730], [466, 334, 537, 491], [4, 416, 118, 590]]"
198,fortepan_183531.jpg,"[[547, 493, 639, 633]]"
199,fortepan_183580.jpg,"[[779, 425, 830, 543], [978, 434, 1020, 554]]"
200,fortepan_183581.jpg,"[[211, 332, 292, 448], [554, 338, 628, 491]]"
201,fortepan_183627.jpg,"[[842, 314, 1112, 881], [472, 241, 723, 624], [152, 379, 196, 485], [145, 386, 443, 866]]"
202,fortepan_185991.jpg,"[[91, 370, 179, 469]]"
203,fortepan_189937.jpg,"[[262, 718, 462, 961], [498, 677, 683, 842], [354, 600, 435, 770]]"
204,fortepan_189938.jpg,"[[225, 537, 382, 921], [972, 638, 1059, 896], [601, 589, 668, 721], [1084, 667, 1205, 1046]]"
205,fortepan_191196.jpg,"[[786, 354, 979, 791], [398, 398, 537, 778], [914, 309, 1091, 715]]"
206,fortepan_20229.jpg,"[[69, 14, 792, 1266]]"
207,fortepan_202614.jpg,"[[726, 166, 895, 459], [952, 130, 1115, 464]]"
208,fortepan_204237.jpg,"[[308, 591, 354, 696]]"
209,fortepan_204270.jpg,"[[914, 430, 993, 511]]"
210,fortepan_211146.jpg,"[[130, 139, 477, 1012]]"
211,fortepan_211149.jpg,"[[77, 149, 407, 926]]"
212,fortepan_211645.jpg,"[[0, 103, 805, 1267]]"
213,fortepan_211970.jpg,"[[99, 321, 852, 1168]]"
214,fortepan_220154.jpg,"[[571, 301, 911, 1221], [2, 385, 280, 1210], [272, 377, 504, 803], [484, 250, 710, 603]]"
215,fortepan_220174.jpg,"[[150, 138, 741, 1174]]"
216,fortepan_220253.jpg,"[[728, 756, 801, 916], [826, 838, 905, 914]]"
217,fortepan_220255.jpg,"[[521, 596, 578, 716], [451, 597, 502, 724]]"
218,fortepan_220341.jpg,"[[361, 234, 730, 1249], [138, 336, 444, 1272]]"
219,fortepan_22043.jpg,"[[609, 297, 773, 676], [795, 274, 961, 683], [407, 248, 570, 681]]"
220,fortepan_221284.jpg,"[[0, 113, 739, 1280]]"
221,fortepan_221299.jpg,"[[356, 225, 801, 970], [142, 252, 576, 992]]"
222,fortepan_221308.jpg,"[[55, 222, 722, 1069]]"
223,fortepan_221315.jpg,"[[37, 237, 531, 1115], [363, 270, 763, 1098]]"
224,fortepan_221316.jpg,"[[452, 531, 702, 989], [698, 527, 910, 984], [531, 246, 800, 673], [852, 291, 1125, 935], [323, 112, 580, 659], [774, 130, 1022, 474], [472, 66, 596, 289]]"
225,fortepan_221318.jpg,"[[459, 353, 730, 978], [97, 340, 369, 948], [276, 173, 530, 982]]"
226,fortepan_221344.jpg,"[[931, 290, 1134, 671], [657, 202, 918, 639], [292, 207, 518, 607], [490, 199, 691, 610]]"
227,fortepan_221348.jpg,"[[615, 600, 801, 838], [256, 598, 358, 868], [817, 553, 936, 767]]"
228,fortepan_221368.jpg,"[[5, 163, 845, 1256]]"
229,fortepan_221432.jpg,"[[435, 195, 814, 1244], [168, 150, 482, 1092]]"
230,fortepan_221439.jpg,"[[28, 248, 908, 1224]]"
231,fortepan_221457.jpg,"[[451, 583, 819, 1092], [62, 168, 657, 1100]]"
232,fortepan_221462.jpg,"[[433, 258, 733, 1113], [56, 297, 495, 1172]]"
233,fortepan_24596.jpg,"[[203, 226, 606, 951], [623, 230, 959, 938], [461, 228, 703, 821], [416, 156, 726, 405]]"
234,fortepan_25548.jpg,"[[293, 57, 713, 1212]]"
235,fortepan_25549.jpg,"[[42, 98, 750, 853], [649, 222, 1239, 852]]"
236,fortepan_25563.jpg,"[[236, 61, 753, 1245]]"
237,fortepan_26049.jpg,"[[207, 260, 457, 633], [650, 254, 858, 630], [391, 273, 601, 645], [794, 263, 1145, 607], [540, 257, 705, 561]]"
238,fortepan_26050.jpg,"[[369, 301, 554, 618], [111, 388, 367, 709], [97, 293, 248, 552], [722, 333, 940, 683], [489, 367, 735, 645]]"
239,fortepan_26051.jpg,"[[748, 348, 1111, 960], [236, 380, 612, 958], [585, 364, 857, 896], [38, 458, 356, 956]]"
240,fortepan_26052.jpg,"[[16, 406, 417, 906], [624, 218, 984, 873], [898, 399, 1275, 881], [337, 268, 650, 867]]"
241,fortepan_26056.jpg,"[[180, 243, 545, 726], [408, 231, 607, 701], [685, 396, 1030, 779]]"
242,fortepan_26059.jpg,"[[254, 319, 771, 1195], [552, 352, 874, 1116]]"
243,fortepan_26066.jpg,"[[722, 533, 912, 845], [380, 527, 540, 865], [419, 248, 579, 555], [499, 391, 685, 792], [1049, 314, 1233, 854], [874, 274, 1080, 846]]"
244,fortepan_26067.jpg,"[[113, 510, 522, 1217]]"
245,fortepan_26068.jpg,"[[85, 148, 849, 1271]]"
246,fortepan_26081.jpg,"[[33, 189, 1240, 757], [174, 579, 309, 765], [296, 569, 442, 766], [26, 572, 175, 770], [741, 559, 878, 769], [507, 565, 666, 774], [590, 139, 712, 376], [883, 294, 990, 477], [955, 406, 1096, 620], [835, 407, 966, 603]]"
247,fortepan_26389.jpg,"[[455, 245, 573, 496], [559, 210, 708, 486], [435, 555, 641, 854], [738, 310, 990, 659], [146, 325, 329, 846], [692, 212, 826, 454], [821, 170, 998, 449]]"
248,fortepan_26652.jpg,"[[230, 139, 803, 1224]]"
249,fortepan_27254.jpg,"[[38, 312, 1206, 492]]"
250,fortepan_27306.jpg,"[[789, 348, 880, 532]]"
251,fortepan_27661.jpg,"[[59, 293, 1110, 430]]"
252,fortepan_27710.jpg,"[[853, 65, 1201, 568], [99, 64, 433, 565]]"
253,fortepan_27712.jpg,"[[113, 232, 1222, 401]]"
254,fortepan_27715.jpg,"[[108, 46, 429, 571], [865, 57, 1193, 574]]"
255,fortepan_27739.jpg,"[[795, 60, 1005, 329]]"
256,fortepan_2801.jpg,"[[64, 262, 290, 638], [868, 493, 944, 618]]"
257,fortepan_2828.jpg,"[[40, 62, 651, 1014], [1071, 497, 1278, 1006], [767, 306, 1125, 1039], [398, 195, 768, 784]]"
258,fortepan_28352.jpg,"[[447, 57, 1008, 1258], [54, 112, 577, 1213]]"
259,fortepan_28353.jpg,"[[264, 57, 609, 971]]"
260,fortepan_2855.jpg,"[[678, 206, 1023, 950], [291, 198, 556, 858], [374, 268, 766, 942]]"
261,fortepan_29703.jpg,"[[12, 114, 966, 1106]]"
262,fortepan_29704.jpg,"[[500, 612, 752, 996]]"
263,fortepan_29705.jpg,"[[254, 473, 562, 971], [190, 443, 327, 848]]"
264,fortepan_29706.jpg,"[[225, 93, 738, 1256]]"
265,fortepan_29708.jpg,"[[164, 346, 304, 723], [36, 299, 167, 680]]"
266,fortepan_29709.jpg,"[[591, 485, 753, 825]]"
267,fortepan_29710.jpg,"[[16, 703, 421, 1274], [149, 163, 357, 850], [273, 171, 470, 839], [442, 160, 666, 639], [477, 540, 677, 951], [389, 871, 655, 1266], [629, 699, 906, 1240]]"
268,fortepan_29711.jpg,"[[66, 204, 360, 628], [607, 123, 947, 597], [303, 254, 564, 656], [531, 374, 740, 708], [51, 476, 327, 837]]"
269,fortepan_30251.jpg,"[[496, 441, 985, 1152], [108, 147, 535, 1122], [395, 147, 778, 833]]"
270,fortepan_30711.jpg,"[[125, 562, 178, 663]]"
271,fortepan_31395.jpg,"[[407, 353, 820, 862], [296, 29, 548, 694], [507, 146, 696, 419]]"
272,fortepan_31400.jpg,"[[431, 178, 741, 712], [79, 177, 427, 703], [743, 190, 993, 758]]"
273,fortepan_31699.jpg,"[[34, 183, 1212, 766], [557, 517, 662, 762], [37, 529, 159, 755]]"
274,fortepan_31725.jpg,"[[9, 15, 916, 1234]]"
275,fortepan_31736.jpg,"[[925, 576, 1055, 746], [44, 235, 1237, 758], [222, 597, 362, 791], [376, 588, 504, 766], [776, 571, 921, 747], [81, 271, 186, 497], [675, 566, 809, 747], [853, 420, 971, 667]]"
276,fortepan_31754.jpg,"[[140, 349, 448, 1195], [397, 283, 797, 1200]]"
277,fortepan_31755.jpg,"[[272, 109, 759, 1227]]"
278,fortepan_31760.jpg,"[[194, 101, 620, 952]]"
279,fortepan_31762.jpg,"[[27, 176, 1249, 674], [917, 421, 1031, 693], [156, 393, 286, 663]]"
280,fortepan_31767.jpg,"[[551, 551, 643, 764], [21, 372, 1277, 819], [651, 556, 758, 760], [1082, 621, 1241, 852], [929, 536, 1033, 805]]"
281,fortepan_31769.jpg,"[[325, 334, 604, 835], [729, 276, 952, 702], [50, 322, 352, 831], [772, 119, 1009, 384], [790, 367, 1141, 849], [296, 135, 555, 462], [558, 231, 772, 734]]"
282,fortepan_31808.jpg,"[[35, 112, 337, 774]]"
283,fortepan_31818.jpg,"[[659, 243, 980, 953], [199, 283, 456, 931], [343, 532, 690, 1000], [436, 201, 704, 702]]"
284,fortepan_32091.jpg,"[[29, 354, 610, 965]]"
285,fortepan_32794.jpg,"[[15, 42, 838, 938]]"
286,fortepan_39715.jpg,"[[30, 361, 1259, 894]]"
287,fortepan_40928.jpg,"[[4, 199, 1278, 834]]"
288,fortepan_45346.jpg,"[[0, 0, 414, 1219]]"
289,fortepan_45347.jpg,"[[396, 236, 806, 1251], [57, 16, 548, 1138]]"
290,fortepan_45348.jpg,"[[154, 175, 688, 989], [676, 418, 966, 943], [783, 40, 1134, 940], [281, 178, 605, 781], [512, 32, 839, 683]]"
291,fortepan_47247.jpg,"[[657, 214, 812, 508], [530, 215, 655, 507], [165, 210, 327, 643], [288, 211, 433, 565], [581, 224, 687, 477]]"
292,fortepan_52700.jpg,"[[220, 239, 588, 875], [746, 236, 1118, 916]]"
293,fortepan_52702.jpg,"[[719, 394, 951, 939], [245, 518, 435, 982], [523, 378, 715, 969]]"
294,fortepan_52714.jpg,"[[576, 208, 853, 424]]"
295,fortepan_52717.jpg,"[[44, 618, 241, 1082], [412, 651, 567, 1087], [553, 495, 741, 1087], [206, 469, 415, 1104], [808, 669, 966, 1101]]"
296,fortepan_52724.jpg,"[[409, 314, 748, 868], [144, 306, 435, 777], [646, 269, 1242, 1005], [682, 322, 957, 866]]"
297,fortepan_52749.jpg,"[[460, 257, 1085, 1165]]"
298,fortepan_52795.jpg,"[[861, 346, 1074, 595], [538, 391, 781, 548], [231, 423, 564, 573]]"
299,fortepan_52803.jpg,"[[762, 260, 964, 784], [568, 289, 787, 779], [481, 220, 627, 479], [293, 254, 443, 540], [945, 157, 1131, 705], [332, 386, 493, 774], [605, 191, 792, 406]]"
300,fortepan_52832.jpg,"[[983, 245, 1211, 735], [527, 418, 678, 746], [144, 289, 366, 740], [812, 277, 1014, 712], [730, 134, 889, 497], [621, 169, 754, 367], [944, 113, 1121, 400], [503, 166, 623, 401]]"
301,fortepan_52845.jpg,"[[743, 570, 902, 799], [445, 543, 627, 782], [93, 207, 283, 741], [743, 298, 866, 526], [636, 617, 750, 780], [274, 245, 449, 731]]"
302,fortepan_55275.jpg,"[[324, 161, 559, 528], [346, 411, 585, 815], [331, 671, 647, 1230]]"
303,fortepan_55276.jpg,"[[13, 182, 761, 1192]]"
304,fortepan_55277.jpg,"[[285, 198, 601, 884], [82, 40, 351, 733], [658, 570, 985, 906], [528, 127, 696, 437]]"
305,fortepan_55278.jpg,"[[137, 10, 778, 680]]"
306,fortepan_55356.jpg,"[[411, 476, 546, 674], [1064, 486, 1217, 694], [114, 482, 257, 669], [867, 322, 983, 541], [1067, 288, 1201, 524], [230, 491, 355, 665], [317, 503, 442, 669], [969, 303, 1093, 530], [228, 324, 335, 544], [521, 496, 646, 664], [734, 493, 858, 672], [319, 318, 432, 546], [460, 319, 611, 545]]"
307,fortepan_55357.jpg,"[[812, 346, 1046, 834], [362, 290, 849, 841], [47, 685, 146, 869]]"
308,fortepan_55358.jpg,"[[604, 829, 671, 1033], [122, 687, 210, 994], [443, 801, 509, 1018], [329, 840, 383, 994], [373, 790, 449, 1014]]"
309,fortepan_55359.jpg,"[[296, 523, 438, 801], [738, 361, 907, 841], [398, 372, 544, 745], [873, 456, 1055, 877], [560, 356, 689, 705]]"
310,fortepan_57354.jpg,"[[28, 110, 1128, 1235]]"
311,fortepan_57391.jpg,"[[49, 77, 1091, 1233]]"
312,fortepan_57710.jpg,"[[166, 248, 833, 1280]]"
313,fortepan_57711.jpg,"[[235, 411, 884, 1275], [8, 376, 412, 1273]]"
314,fortepan_57712.jpg,"[[472, 163, 986, 1280], [46, 354, 388, 788]]"
315,fortepan_57713.jpg,"[[5, 210, 497, 1208], [357, 368, 918, 1269]]"
316,fortepan_59669.jpg,"[[29, 91, 941, 1245]]"
317,fortepan_62102.jpg,"[[2, 180, 836, 1280]]"
318,fortepan_6298.jpg,"[[205, 494, 659, 1165]]"
319,fortepan_69967.jpg,"[[354, 975, 404, 1089]]"
320,fortepan_6997.jpg,"[[74, 97, 830, 1276]]"
321,fortepan_70306.jpg,"[[170, 379, 553, 1187]]"
322,fortepan_7038.jpg,"[[399, 147, 845, 1262]]"
323,fortepan_7075.jpg,"[[1076, 596, 1147, 733], [979, 587, 1031, 721], [913, 669, 964, 806]]"
324,fortepan_75305.jpg,"[[21, 234, 1242, 917], [218, 278, 338, 480], [841, 235, 976, 447], [13, 456, 220, 940], [451, 455, 633, 885], [345, 256, 463, 467], [957, 209, 1110, 462]]"
325,fortepan_75367.jpg,"[[477, 406, 792, 1081], [137, 142, 433, 1054], [416, 292, 695, 1038]]"
326,fortepan_75916.jpg,"[[301, 12, 775, 1264], [3, 371, 434, 1187]]"
327,fortepan_76282.jpg,"[[60, 447, 190, 686]]"
328,fortepan_76291.jpg,"[[28, 475, 1228, 735]]"
329,fortepan_76292.jpg,"[[18, 387, 1263, 715], [803, 479, 846, 545], [842, 480, 939, 691]]"
330,fortepan_76295.jpg,"[[87, 377, 198, 628]]"
331,fortepan_76298.jpg,"[[343, 906, 407, 1102], [699, 947, 733, 1027], [231, 894, 299, 1093], [668, 952, 698, 1022], [508, 943, 541, 1017], [401, 951, 437, 1043]]"
332,fortepan_76299.jpg,"[[394, 938, 455, 1095], [51, 985, 90, 1104]]"
333,fortepan_76300.jpg,"[[1220, 520, 1270, 628], [1145, 522, 1194, 627], [1, 481, 40, 557]]"
334,fortepan_76313.jpg,"[[762, 440, 849, 617], [224, 504, 336, 702]]"
335,fortepan_76314.jpg,"[[727, 696, 805, 785], [51, 508, 1192, 780]]"
336,fortepan_76328.jpg,"[[271, 577, 383, 769]]"
337,fortepan_76330.jpg,"[[294, 468, 331, 535]]"
338,fortepan_76332.jpg,"[[858, 487, 972, 734]]"
339,fortepan_76333.jpg,"[[502, 420, 614, 665], [724, 404, 829, 648], [600, 418, 694, 651]]"
340,fortepan_76344.jpg,"[[96, 318, 271, 728]]"
341,fortepan_76345.jpg,"[[1056, 419, 1254, 777]]"
342,fortepan_77139.jpg,"[[1128, 489, 1254, 730], [338, 536, 412, 654]]"
343,fortepan_78030.jpg,"[[510, 302, 824, 1174], [195, 315, 449, 1173], [18, 313, 298, 1127], [395, 262, 604, 1157]]"
344,fortepan_82647.jpg,"[[546, 461, 584, 539]]"
345,fortepan_82672.jpg,"[[950, 650, 998, 740], [291, 673, 336, 777]]"
346,fortepan_84111.jpg,"[[365, 232, 698, 975]]"
347,fortepan_84269.jpg,"[[357, 374, 614, 800]]"
348,fortepan_84271.jpg,"[[407, 636, 652, 1190], [507, 458, 757, 1136]]"
349,fortepan_84275.jpg,"[[395, 495, 553, 675], [531, 502, 653, 652], [46, 178, 1232, 672], [1113, 413, 1230, 668], [147, 529, 392, 688], [776, 242, 889, 426]]"
350,fortepan_84278.jpg,"[[420, 216, 952, 1117]]"
351,fortepan_85167.jpg,"[[266, 475, 650, 877], [714, 421, 1031, 845], [791, 292, 903, 497], [130, 311, 306, 637], [80, 151, 1222, 793], [734, 193, 847, 404], [909, 292, 1028, 531], [449, 444, 609, 660], [741, 461, 850, 629], [644, 300, 790, 567]]"
352,fortepan_85535.jpg,"[[74, 177, 1153, 795], [475, 398, 646, 803], [379, 155, 507, 345], [760, 207, 870, 395], [562, 268, 689, 482], [625, 404, 756, 635], [448, 274, 565, 466], [114, 246, 246, 472], [878, 405, 1010, 640]]"
353,fortepan_86421.jpg,"[[659, 622, 710, 711]]"
354,fortepan_86454.jpg,"[[1068, 701, 1146, 876], [1135, 709, 1212, 856]]"
355,fortepan_86457.jpg,"[[1198, 716, 1274, 934], [990, 744, 1058, 896], [687, 379, 787, 617], [825, 719, 890, 936], [451, 692, 516, 872]]"
356,fortepan_86477.jpg,"[[709, 578, 750, 651], [769, 582, 812, 645], [258, 557, 322, 709], [937, 570, 980, 632]]"
357,fortepan_86478.jpg,"[[359, 742, 504, 1077]]"
358,fortepan_86592.jpg,"[[738, 975, 789, 1098]]"
359,fortepan_86668.jpg,"[[524, 623, 560, 696]]"
360,fortepan_86683.jpg,"[[617, 651, 648, 717], [341, 667, 377, 729], [811, 644, 840, 707]]"
361,fortepan_86752.jpg,"[[872, 815, 966, 1018], [548, 819, 669, 1053], [953, 771, 1025, 990]]"
362,fortepan_86758.jpg,"[[553, 651, 618, 797], [393, 708, 470, 920], [1004, 639, 1092, 901]]"
363,fortepan_86766.jpg,"[[346, 644, 372, 718]]"
364,fortepan_86767.jpg,"[[497, 1040, 563, 1225], [574, 1026, 638, 1235], [665, 1012, 721, 1145], [420, 1011, 468, 1168], [266, 1023, 313, 1141]]"
365,fortepan_86769.jpg,"[[467, 807, 510, 906]]"
366,fortepan_86786.jpg,"[[207, 270, 1258, 807]]"
367,fortepan_86799.jpg,"[[89, 583, 218, 1026], [239, 722, 354, 1026], [412, 685, 635, 1040], [556, 601, 686, 812]]"
368,fortepan_86800.jpg,"[[326, 1137, 371, 1279], [85, 1063, 147, 1177], [224, 1163, 269, 1276], [16, 1153, 56, 1248], [176, 1088, 223, 1184], [801, 1141, 848, 1279], [15, 679, 1153, 1269], [404, 1113, 461, 1254]]"
369,fortepan_86814.jpg,"[[519, 566, 706, 1132], [144, 543, 439, 1155]]"
370,fortepan_86815.jpg,"[[203, 526, 370, 1024], [585, 326, 822, 693], [343, 285, 579, 677], [472, 280, 585, 493]]"
371,fortepan_86887.jpg,"[[495, 489, 602, 767]]"
372,fortepan_86892.jpg,"[[249, 545, 305, 692]]"
373,fortepan_86893.jpg,"[[618, 785, 661, 893], [543, 777, 600, 890]]"
374,fortepan_86896.jpg,"[[98, 528, 322, 1077], [745, 524, 920, 1106], [1037, 519, 1252, 1204], [309, 506, 485, 1106]]"
375,fortepan_86897.jpg,"[[594, 229, 844, 1086], [495, 325, 611, 693]]"
376,fortepan_86956.jpg,"[[245, 784, 304, 883]]"
377,fortepan_86957.jpg,"[[413, 682, 574, 1080]]"
378,fortepan_86958.jpg,"[[445, 524, 526, 664], [369, 547, 442, 683]]"
379,fortepan_86959.jpg,"[[593, 668, 668, 819], [397, 724, 449, 825], [695, 675, 772, 804], [446, 716, 501, 831]]"
380,fortepan_86964.jpg,"[[356, 236, 828, 1196]]"
381,fortepan_86965.jpg,"[[932, 294, 1156, 950]]"
382,fortepan_86976.jpg,"[[601, 117, 809, 622]]"
383,fortepan_86977.jpg,"[[10, 377, 970, 579]]"
384,fortepan_86978.jpg,"[[381, 580, 444, 747], [1203, 575, 1241, 640], [306, 575, 344, 659]]"
385,fortepan_86981.jpg,"[[385, 817, 431, 948], [713, 841, 764, 995]]"
386,fortepan_86982.jpg,"[[655, 597, 703, 708]]"
387,fortepan_86983.jpg,"[[686, 811, 747, 899], [183, 667, 249, 804]]"
388,fortepan_86984.jpg,"[[313, 499, 401, 703]]"
389,fortepan_86996.jpg,"[[390, 626, 647, 1078]]"
390,fortepan_86997.jpg,"[[1021, 817, 1133, 1058], [805, 989, 934, 1160], [668, 961, 792, 1162]]"
391,fortepan_8806.jpg,"[[310, 92, 637, 1260]]"
392,fortepan_8927.jpg,"[[514, 124, 1056, 1144], [41, 146, 553, 1012]]"
393,fortepan_9029.jpg,"[[506, 124, 839, 1107], [229, 214, 542, 1102]]"
394,fortepan_9036.jpg,"[[342, 542, 698, 814], [796, 598, 934, 888], [614, 348, 767, 677]]"
395,fortepan_9052.jpg,"[[6, 272, 757, 1272]]"
396,fortepan_9053.jpg,"[[249, 381, 842, 1081]]"
397,fortepan_9054.jpg,"[[333, 176, 675, 519]]"
398,fortepan_9055.jpg,"[[888, 323, 1081, 801], [694, 282, 890, 801], [379, 256, 608, 782]]"
399,fortepan_9152.jpg,"[[144, 34, 848, 1271]]"
400,fortepan_9233.jpg,"[[351, 347, 546, 798], [345, 281, 526, 569]]"
401,fortepan_9317.jpg,"[[268, 60, 665, 1049]]"
402,fortepan_9416.jpg,"[[19, 0, 1273, 694], [207, 607, 366, 775], [265, 338, 427, 556], [597, 652, 818, 838]]"
403,fortepan_9417.jpg,"[[47, 71, 1242, 805], [879, 509, 1013, 714], [927, 571, 1201, 821], [115, 554, 354, 816], [529, 371, 678, 593]]"
404,fortepan_9419.jpg,"[[12, 18, 1266, 643], [573, 462, 719, 585], [1102, 379, 1232, 502], [48, 474, 170, 601], [173, 453, 275, 572], [955, 371, 1065, 488], [966, 102, 1076, 190], [347, 452, 447, 569]]"
405,fortepan_9427.jpg,"[[584, 1101, 616, 1218]]"
406,fortepan_95001.jpg,"[[519, 595, 708, 917], [838, 416, 1022, 924], [578, 727, 743, 923], [281, 583, 429, 903]]"
407,fortepan_95008.jpg,"[[677, 62, 1280, 1125], [29, 208, 487, 876]]"
408,fortepan_95009.jpg,"[[1046, 658, 1280, 1115], [39, 295, 1250, 1089], [818, 406, 1008, 1000], [426, 737, 664, 1064], [667, 737, 893, 1056], [953, 389, 1163, 862], [742, 333, 853, 553], [187, 722, 429, 1073], [632, 381, 833, 912], [454, 300, 586, 550]]"
409,fortepan_95010.jpg,"[[704, 709, 939, 1148], [0, 38, 268, 612], [249, 50, 432, 481], [812, 437, 958, 806], [919, 704, 1084, 1093], [967, 466, 1114, 792], [374, 389, 557, 954]]"
410,fortepan_95015.jpg,"[[994, 325, 1133, 559], [642, 735, 848, 1080], [206, 563, 321, 823], [165, 779, 295, 1118], [487, 126, 575, 419], [736, 415, 909, 740], [309, 559, 455, 831]]"
411,fortepan_95053.jpg,"[[1104, 958, 1155, 1044], [1152, 942, 1200, 1010]]"
412,fortepan_95054.jpg,"[[231, 541, 633, 1128], [802, 55, 917, 292]]"
413,fortepan_95078.jpg,"[[661, 997, 731, 1149], [1160, 921, 1223, 1053], [193, 799, 235, 911], [367, 823, 409, 910], [26, 568, 1240, 963], [284, 800, 320, 911], [589, 841, 630, 963]]"
414,fortepan_95087.jpg,"[[937, 259, 1127, 716]]"
415,fortepan_95158.jpg,"[[951, 674, 1014, 819]]"
416,fortepan_95324.jpg,"[[455, 933, 538, 1134]]"
417,fortepan_95325.jpg,"[[922, 476, 1127, 966], [90, 588, 265, 829], [844, 627, 928, 791], [604, 462, 765, 894]]"
418,fortepan_96072.jpg,"[[63, 291, 1182, 540]]"
419,fortepan_96083.jpg,"[[35, 306, 1280, 643]]"
420,fortepan_96093.jpg,"[[34, 159, 422, 633], [658, 171, 1033, 635]]"
421,fortepan_96096.jpg,"[[0, 311, 1272, 646]]"
422,fortepan_96097.jpg,"[[10, 306, 1280, 642]]"
423,fortepan_96111.jpg,"[[337, 395, 737, 883], [27, 277, 357, 864], [700, 334, 1095, 875], [965, 92, 1266, 615], [975, 225, 1280, 843]]"
424,fortepan_96112.jpg,"[[850, 321, 1003, 694], [989, 305, 1126, 679], [499, 299, 630, 667], [727, 298, 854, 690]]"
425,fortepan_96115.jpg,"[[6, 149, 886, 1275]]"
426,fortepan_96118.jpg,"[[252, 565, 473, 872]]"
427,fortepan_96119.jpg,"[[306, 229, 562, 959], [80, 187, 325, 944], [541, 390, 799, 944], [752, 209, 984, 641], [791, 379, 1053, 971]]"
428,fortepan_96121.jpg,"[[315, 230, 529, 857], [114, 183, 323, 749], [624, 301, 844, 939], [659, 124, 803, 441]]"
429,fortepan_96122.jpg,"[[208, 770, 248, 855]]"
430,fortepan_96124.jpg,"[[55, 443, 326, 1248], [243, 176, 556, 1121], [372, 643, 625, 1256]]"
431,fortepan_96125.jpg,"[[571, 334, 872, 1142], [364, 183, 655, 997], [103, 322, 405, 845]]"
432,fortepan_96126.jpg,"[[190, 182, 621, 1229]]"
433,fortepan_96127.jpg,"[[654, 361, 957, 819], [140, 393, 441, 866], [434, 261, 687, 851], [559, 78, 773, 428], [93, 145, 296, 549], [703, 200, 898, 496], [1001, 213, 1229, 860]]"
434,fortepan_96128.jpg,"[[165, 442, 408, 932], [631, 203, 807, 737]]"
435,fortepan_96130.jpg,"[[936, 241, 1224, 725], [274, 165, 592, 832], [297, 171, 549, 540], [740, 229, 986, 806]]"
436,fortepan_96134.jpg,"[[559, 329, 746, 1007], [214, 231, 475, 1074]]"
437,fortepan_96135.jpg,"[[25, 194, 288, 756], [933, 231, 1056, 611]]"
438,fortepan_96137.jpg,"[[71, 305, 309, 804], [105, 82, 1244, 792], [290, 393, 692, 810], [892, 144, 1090, 378], [954, 242, 1259, 762], [715, 260, 1219, 816], [811, 327, 1057, 692], [648, 93, 795, 301]]"
439,fortepan_96138.jpg,"[[132, 440, 301, 734], [760, 223, 917, 533], [229, 489, 494, 842], [855, 474, 1018, 741]]"
440,fortepan_96139.jpg,"[[557, 179, 843, 1123], [39, 210, 406, 1118], [286, 201, 591, 1119]]"
441,fortepan_96140.jpg,"[[497, 553, 788, 1141], [256, 609, 462, 992], [664, 366, 899, 1064]]"
442,fortepan_96142.jpg,"[[889, 401, 1024, 580], [686, 412, 830, 601]]"
443,fortepan_96143.jpg,"[[432, 448, 566, 794], [745, 451, 874, 826], [584, 400, 756, 811], [527, 266, 665, 434]]"
444,fortepan_96147.jpg,"[[869, 321, 1007, 700], [328, 350, 477, 720]]"
445,fortepan_96155.jpg,"[[23, 427, 445, 1266], [438, 458, 876, 1251], [314, 150, 642, 904]]"
446,fortepan_96156.jpg,"[[19, 302, 1262, 629]]"
447,fortepan_96160.jpg,"[[851, 315, 1108, 837], [174, 399, 514, 814]]"
448,fortepan_96161.jpg,"[[13, 357, 1280, 727], [498, 592, 642, 719], [314, 568, 408, 699]]"
449,fortepan_96210.jpg,"[[156, 399, 846, 1237]]"
450,fortepan_96228.jpg,"[[906, 724, 956, 865]]"
451,fortepan_96246.jpg,"[[603, 511, 777, 998]]"
452,fortepan_96250.jpg,"[[420, 839, 505, 966], [85, 810, 152, 898]]"
453,fortepan_96251.jpg,"[[973, 509, 1112, 911], [836, 502, 937, 810]]"
454,fortepan_96252.jpg,"[[268, 960, 393, 1275]]"
455,fortepan_96254.jpg,"[[1001, 618, 1085, 791], [702, 722, 780, 873], [816, 772, 900, 897], [164, 855, 205, 951]]"
456,fortepan_96260.jpg,"[[322, 920, 594, 1278], [562, 925, 651, 1193]]"
457,fortepan_96261.jpg,"[[507, 283, 625, 513], [750, 699, 845, 902]]"
458,fortepan_96263.jpg,"[[1192, 585, 1240, 687]]"
459,fortepan_96265.jpg,"[[70, 557, 130, 689]]"
460,fortepan_96267.jpg,"[[701, 926, 763, 1021], [411, 919, 463, 1022], [1, 903, 86, 1018], [264, 870, 306, 994]]"
461,fortepan_96268.jpg,"[[712, 1169, 748, 1274]]"
462,fortepan_96269.jpg,"[[748, 595, 831, 867]]"
463,fortepan_96271.jpg,"[[744, 1077, 838, 1193], [1109, 1026, 1155, 1181], [362, 1032, 436, 1189], [201, 1012, 263, 1193]]"
464,fortepan_9797.jpg,"[[157, 153, 660, 1188], [714, 479, 992, 830]]"
465,SK_MRS_1264_A1_r.jpg,"[[95, 175, 728, 1066]]"
466,SK_MRS_1264_A2_r.jpg,"[[95, 185, 741, 1076]]"
467,SK_MRS_1264_B1_r.jpg,"[[83, 139, 878, 1217]]"
468,SK_MRS_1264_B2_r.jpg,"[[53, 202, 761, 1117]]"
469,SK_MRS_1266_A10_r.jpg,"[[241, 297, 608, 863]]"
470,SK_MRS_1266_A11_r.jpg,"[[266, 330, 567, 871]]"
471,SK_MRS_1266_A12_r.jpg,"[[347, 326, 521, 628]]"
472,SK_MRS_1266_A13_r.jpg,"[[331, 354, 541, 611]]"
473,SK_MRS_1266_A14_r.jpg,"[[330, 351, 542, 613]]"
474,SK_MRS_1266_A16_r.jpg,"[[350, 327, 572, 884]]"
475,SK_MRS_1266_A17_r.jpg,"[[289, 319, 594, 878]]"
476,SK_MRS_1266_A18a_r.jpg,"[[335, 323, 512, 609]]"
477,SK_MRS_1266_A18_r.jpg,"[[329, 329, 533, 592]]"
478,SK_MRS_1266_A19_r.jpg,"[[310, 103, 647, 1252]]"
479,SK_MRS_1266_A1_r.jpg,"[[247, 286, 595, 864]]"
480,SK_MRS_1266_A20_r.jpg,"[[189, 349, 841, 1197]]"
481,SK_MRS_1266_A21_r.jpg,"[[201, 334, 830, 1154]]"
482,SK_MRS_1266_A22_r.jpg,"[[430, 140, 806, 626], [34, 141, 407, 628], [850, 128, 1211, 622]]"
483,SK_MRS_1266_A23_r.jpg,"[[21, 135, 385, 615], [420, 130, 784, 619], [822, 124, 1184, 616]]"
484,SK_MRS_1266_A24_r.jpg,"[[373, 220, 1082, 1195]]"
485,SK_MRS_1266_A25_r.jpg,"[[668, 178, 1155, 822], [137, 173, 605, 817]]"
486,SK_MRS_1266_A26_r.jpg,"[[82, 310, 923, 1213]]"
487,SK_MRS_1266_A27_r.jpg,"[[304, 112, 722, 1142]]"
488,SK_MRS_1266_A28_r.jpg,"[[271, 127, 598, 1244]]"
489,SK_MRS_1266_A29_r.jpg,"[[290, 142, 592, 1253]]"
490,SK_MRS_1266_A30_r.jpg,"[[275, 95, 598, 1243]]"
491,SK_MRS_1266_A31_r.jpg,"[[269, 137, 580, 1240]]"
492,SK_MRS_1266_A32_r.jpg,"[[265, 333, 613, 870]]"
493,SK_MRS_1266_A33_r.jpg,"[[156, 137, 577, 1250]]"
494,SK_MRS_1266_A34_r.jpg,"[[25, 108, 851, 1276]]"
495,SK_MRS_1266_A35_r.jpg,"[[172, 128, 590, 1254]]"
496,SK_MRS_1266_A36_r.jpg,"[[174, 115, 585, 1250]]"
497,SK_MRS_1266_A37_r.jpg,"[[29, 88, 862, 1270]]"
498,SK_MRS_1266_A38_r.jpg,"[[167, 169, 581, 1265]]"
499,SK_MRS_1266_A39_r.jpg,"[[19, 103, 847, 1269]]"
500,SK_MRS_1266_A3_r.jpg,"[[342, 330, 523, 608]]"
501,SK_MRS_1266_A4_r.jpg,"[[263, 320, 616, 852]]"
502,SK_MRS_1266_A5_r.jpg,"[[335, 324, 508, 610]]"
503,SK_MRS_1266_A7_r.jpg,"[[257, 327, 600, 868]]"
504,SK_MRS_1266_A8_r.jpg,"[[230, 303, 612, 872]]"
505,SK_MRS_1266_A9_r.jpg,"[[250, 297, 617, 852]]"
506,SK_MRS_1266_B10_r.jpg,"[[312, 187, 562, 1029]]"
507,SK_MRS_1266_B11_r.jpg,"[[14, 229, 805, 1199]]"
508,SK_MRS_1266_B12_r.jpg,"[[220, 75, 695, 1145]]"
509,SK_MRS_1266_B13_r.jpg,"[[215, 131, 975, 1262]]"
510,SK_MRS_1266_B14_r.jpg,"[[43, 51, 840, 1256]]"
511,SK_MRS_1266_B15_r.jpg,"[[92, 227, 671, 1260]]"
512,SK_MRS_1266_B1_r.jpg,"[[272, 154, 671, 1191]]"
513,SK_MRS_1266_B2_r.jpg,"[[168, 111, 928, 1271]]"
514,SK_MRS_1266_B4_r.jpg,"[[81, 37, 945, 1267]]"
515,SK_MRS_1266_B5_r.jpg,"[[185, 277, 798, 1169]]"
516,SK_MRS_1266_B6_r.jpg,"[[26, 100, 886, 1245]]"
517,SK_MRS_1266_B7_r.jpg,"[[153, 315, 837, 1221]]"
518,SK_MRS_1266_B8_r.jpg,"[[297, 180, 554, 1018]]"
519,SK_MRS_1266_B9_r.jpg,"[[266, 200, 648, 1182]]"
520,SK_MRS_1267_3_r.jpg,"[[52, 126, 814, 1241]]"
521,SK_MRS_1269_1_r.jpg,"[[22, 247, 753, 1250]]"
522,SK_MRS_1269_3_r.jpg,"[[23, 131, 941, 1244]]"
523,SK_MRS_1269_5_r.jpg,"[[108, 166, 832, 1165]]"
524,SK_MRS_1270_1_r.jpg,"[[345, 480, 449, 591]]"
525,SK_MRS_1270_2_r.jpg,"[[32, 606, 290, 1276], [599, 478, 852, 1244], [117, 351, 325, 853]]"
526,SK_MRS_1270_3_r.jpg,"[[794, 291, 1075, 847], [543, 314, 784, 529]]"
527,SK_MRS_1270_4_r.jpg,"[[430, 437, 611, 847], [589, 420, 810, 827], [722, 377, 915, 788]]"
528,SK_MRS_1271_1_r.jpg,"[[477, 416, 639, 876], [727, 433, 875, 887], [203, 408, 353, 845], [440, 577, 540, 881], [342, 602, 453, 881], [618, 456, 740, 872], [352, 431, 470, 657]]"
529,SK_MRS_1271_2_r.jpg,"[[250, 341, 431, 734], [594, 328, 785, 832]]"
530,SK_MRS_1271_3_r.jpg,"[[911, 348, 1221, 1166], [393, 26, 666, 460], [921, 72, 1199, 580], [103, 51, 484, 641], [158, 534, 476, 1188], [410, 335, 739, 960]]"
531,SK_MRS_1272_12_r.jpg,"[[353, 248, 583, 582], [640, 247, 837, 595], [967, 251, 1191, 559], [824, 281, 983, 577]]"
532,SK_MRS_1272_15_r.jpg,"[[63, 230, 1129, 482]]"
533,SK_MRS_1272_17_r.jpg,"[[876, 237, 1127, 631], [276, 230, 513, 630]]"
534,SK_MRS_1272_18_r.jpg,"[[251, 287, 422, 622]]"
535,SK_MRS_1272_1_r.jpg,"[[356, 410, 488, 693]]"
536,SK_MRS_1272_22_r.jpg,"[[703, 175, 906, 497]]"
537,SK_MRS_1272_27_r.jpg,"[[76, 269, 1073, 412]]"
538,SK_MRS_1272_2_r.jpg,"[[790, 369, 1115, 1189], [844, 104, 1118, 608], [391, 342, 638, 861], [321, 70, 575, 511], [452, 324, 912, 1134]]"
539,SK_MRS_1272_30_r.jpg,"[[395, 381, 481, 492]]"
540,SK_MRS_1272_35_r.jpg,"[[116, 212, 1176, 460]]"
541,SK_MRS_1272_38_r.jpg,"[[452, 463, 649, 1000]]"
542,SK_MRS_1272_39_r.jpg,"[[525, 103, 719, 347]]"
543,SK_MRS_1272_40_r.jpg,"[[969, 357, 1064, 472]]"
544,SK_MRS_1272_41_r.jpg,"[[349, 403, 562, 1042]]"
545,SK_MRS_1272_42_r.jpg,"[[457, 203, 737, 947]]"
546,SK_MRS_1272_43_r.jpg,"[[833, 291, 1006, 717], [1002, 389, 1118, 705]]"
547,SK_MRS_1272_44_r.jpg,"[[53, 380, 565, 1219]]"
548,SK_MRS_1272_45_r.jpg,"[[838, 549, 974, 925], [382, 520, 516, 900], [616, 522, 741, 923], [739, 574, 845, 921], [501, 537, 633, 802]]"
549,SK_MRS_1272_47_r.jpg,"[[808, 282, 1020, 587]]"
550,SK_MRS_1272_48_r.jpg,"[[154, 99, 685, 1253]]"
551,SK_MRS_1272_4_r.jpg,"[[88, 206, 1188, 528]]"
552,SK_MRS_1272_51_r.jpg,"[[332, 420, 504, 715]]"
553,SK_MRS_1272_6_r.jpg,"[[659, 727, 749, 930]]"
554,SK_MRS_1272_9_r.jpg,"[[287, 282, 517, 886], [461, 398, 619, 882], [589, 294, 788, 806]]"
555,SK_MRS_1273_10_r.jpg,"[[789, 244, 1105, 913], [479, 288, 648, 660], [644, 266, 849, 910], [280, 251, 501, 705]]"
556,SK_MRS_1273_11_r.jpg,"[[409, 506, 784, 1061]]"
557,SK_MRS_1273_12_r.jpg,"[[181, 345, 523, 938], [720, 240, 940, 735], [450, 476, 597, 808]]"
558,SK_MRS_1273_13_r.jpg,"[[590, 144, 859, 739]]"
559,SK_MRS_1273_15_r.jpg,"[[591, 539, 767, 1024], [454, 497, 603, 1005], [764, 475, 955, 1083]]"
560,SK_MRS_1273_16_r.jpg,"[[338, 301, 535, 760]]"
561,SK_MRS_1273_17_r.jpg,"[[429, 384, 654, 947]]"
562,SK_MRS_1273_18_r.jpg,"[[338, 284, 662, 1030]]"
563,SK_MRS_1273_19_r.jpg,"[[331, 238, 707, 1063]]"
564,SK_MRS_1273_1_r.jpg,"[[272, 374, 482, 845]]"
565,SK_MRS_1273_20_r.jpg,"[[483, 351, 682, 771]]"
566,SK_MRS_1273_2_r.jpg,"[[351, 414, 691, 1009]]"
567,SK_MRS_1273_3_r.jpg,"[[110, 629, 450, 1082], [394, 374, 681, 988]]"
568,SK_MRS_1273_4_r.jpg,"[[539, 390, 702, 822], [357, 424, 573, 743]]"
569,SK_MRS_1273_5_r.jpg,"[[198, 127, 620, 957]]"
570,SK_MRS_1273_6_r.jpg,"[[675, 292, 1048, 911]]"
571,SK_MRS_1273_7_r.jpg,"[[58, 157, 325, 1073], [414, 364, 815, 1206]]"
572,SK_MRS_1273_8_r.jpg,"[[167, 688, 352, 1057], [320, 696, 491, 1092]]"
573,SK_MRS_1273_9_r.jpg,"[[431, 303, 741, 911]]"
574,SK_MRS_1274_1_r.jpg,"[[726, 427, 959, 767], [1042, 314, 1242, 798], [37, 366, 329, 743], [279, 208, 441, 489], [534, 188, 717, 428], [783, 231, 948, 524]]"
575,SK_MRS_1274_2_r.jpg,"[[1017, 325, 1190, 767], [703, 433, 901, 738], [541, 205, 704, 413], [121, 283, 1180, 731], [313, 228, 448, 471], [60, 365, 358, 723]]"
576,SK_MRS_1275_2_r.jpg,"[[41, 240, 1228, 831]]"
577,SK_MRS_1275_3_r.jpg,"[[843, 557, 1094, 868], [81, 439, 325, 851], [303, 481, 491, 851], [115, 193, 1200, 841], [654, 329, 790, 550], [277, 145, 443, 417], [599, 448, 778, 833]]"
578,SK_MRS_1275_4_r.jpg,"[[934, 251, 1192, 899], [311, 258, 540, 870], [84, 242, 309, 899]]"
579,SK_MRS_1275_5_r.jpg,"[[323, 351, 543, 962], [937, 340, 1188, 994], [536, 347, 728, 949], [91, 340, 310, 994]]"
580,SK_MRS_1275_6_r.jpg,"[[763, 221, 1190, 813], [199, 259, 654, 815]]"
581,SK_MRS_1276_10_r.jpg,"[[815, 143, 1076, 532]]"
582,SK_MRS_1276_14_r.jpg,"[[937, 399, 1005, 501], [329, 393, 406, 493]]"
583,SK_MRS_1276_19_r.jpg,"[[713, 114, 1094, 610], [100, 120, 479, 607]]"
584,SK_MRS_1276_1a_r.jpg,"[[276, 213, 359, 305], [891, 209, 978, 307]]"
585,SK_MRS_1276_1_r.jpg,"[[7, 254, 201, 425]]"
586,SK_MRS_1276_20_r.jpg,"[[681, 98, 1090, 596], [93, 120, 509, 602]]"
587,SK_MRS_1276_5_r.jpg,"[[238, 202, 489, 569], [858, 210, 1107, 582]]"
588,SK_MRS_1276_6a_r.jpg,"[[703, 113, 868, 312]]"
589,SK_MRS_1276_6_r.jpg,"[[227, 174, 470, 421]]"
590,SK_MRS_1276_8_r.jpg,"[[824, 221, 1071, 575], [247, 214, 501, 519]]"
591,SK_MRS_1276_9_r.jpg,"[[779, 320, 867, 424]]"
592,SK_MRS_1277_1_r.jpg,"[[238, 321, 495, 894], [54, 359, 244, 911], [494, 356, 712, 865]]"
593,SK_MRS_1278_1_r.jpg,"[[171, 237, 682, 1220]]"
594,SK_MRS_1280_1_r.jpg,"[[374, 190, 738, 780]]"
595,SK_MRS_1281_1_r.jpg,"[[357, 48, 701, 894]]"
596,SK_MRS_1282_1_r.jpg,"[[123, 227, 822, 1257]]"
597,SK_MRS_1284_2_r.jpg,"[[125, 220, 1240, 467]]"
598,SK_MRS_1285_1_r.jpg,"[[257, 50, 565, 1189]]"
599,SK_MRS_1286_1_r.jpg,"[[12, 96, 930, 1271]]"
600,SK_MRS_1286_2_r.jpg,"[[144, 94, 654, 1273]]"
601,SK_MRS_1287_1_r.jpg,"[[80, 52, 745, 1268]]"
602,SK_MRS_1288_1_r.jpg,"[[257, 503, 405, 994]]"
603,SK_MRS_1288_2_r.jpg,"[[2, 66, 899, 1277]]"
604,SK_MRS_1288_3_r.jpg,"[[0, 148, 801, 1280]]"
605,SK_MRS_1288_4_r.jpg,"[[0, 31, 868, 1272]]"
606,SK_MRS_1289_1_r.jpg,"[[366, 126, 610, 656], [595, 178, 833, 694], [190, 386, 544, 1009], [21, 202, 278, 751], [829, 238, 1059, 685], [943, 342, 1209, 821]]"
607,SK_MRS_1290_1_r.jpg,"[[71, 188, 1015, 1216]]"
608,SK_MRS_1290_2a_r.jpg,"[[241, 203, 733, 1271]]"
609,SK_MRS_1290_2_r.jpg,"[[1228, 347, 1276, 453]]"
610,SK_MRS_1290_3_r.jpg,"[[240, 283, 509, 1183]]"
611,SK_MRS_1290_4_r.jpg,"[[116, 158, 759, 1173]]"
612,SK_MRS_1290_5_r.jpg,"[[148, 262, 651, 881]]"
613,SK_MRS_1290_6_r.jpg,"[[448, 502, 738, 868]]"
614,SK_MRS_1290_7_r.jpg,"[[183, 478, 535, 950]]"
615,SK_MRS_1290_8_r.jpg,"[[121, 327, 567, 1221]]"
616,SK_MRS_1291_11_r.jpg,"[[354, 484, 636, 1091]]"
617,SK_MRS_1291_12_r.jpg,"[[269, 297, 712, 906]]"
618,SK_MRS_1291_13_r.jpg,"[[288, 281, 950, 879]]"
619,SK_MRS_1291_14_r.jpg,"[[335, 418, 655, 974]]"
620,SK_MRS_1291_15_r.jpg,"[[615, 115, 1252, 936], [27, 67, 721, 934]]"
621,SK_MRS_1291_16_r.jpg,"[[205, 253, 797, 1221]]"
622,SK_MRS_1291_18_r.jpg,"[[264, 184, 429, 504]]"
623,SK_MRS_1291_19_r.jpg,"[[278, 227, 542, 833], [563, 279, 757, 840]]"
624,SK_MRS_1291_1_r.jpg,"[[132, 147, 770, 1245]]"
625,SK_MRS_1291_20_r.jpg,"[[5, 448, 257, 1025], [670, 637, 857, 1185], [330, 338, 447, 534], [196, 647, 361, 1098], [379, 442, 502, 682]]"
626,SK_MRS_1291_21_r.jpg,"[[23, 80, 924, 1247]]"
627,SK_MRS_1291_22_r.jpg,"[[253, 161, 906, 1279], [29, 279, 352, 1185]]"
628,SK_MRS_1291_23_r.jpg,"[[203, 206, 661, 1243], [184, 163, 499, 571]]"
629,SK_MRS_1291_2_r.jpg,"[[206, 142, 572, 1117]]"
630,SK_MRS_1291_3_r.jpg,"[[176, 423, 469, 1093]]"
631,SK_MRS_1291_5_r.jpg,"[[95, 354, 520, 1063]]"
632,SK_MRS_1291_6_r.jpg,"[[255, 231, 564, 1065], [55, 206, 306, 987], [565, 215, 821, 1044]]"
633,SK_MRS_1291_7_r.jpg,"[[556, 642, 678, 881], [644, 644, 749, 883], [728, 561, 842, 879]]"
634,SK_MRS_1291_8_r.jpg,"[[571, 546, 691, 764]]"
635,SK_MRS_1292_12_r.jpg,"[[388, 162, 496, 358], [138, 149, 257, 381], [33, 183, 144, 388], [274, 158, 401, 376], [888, 187, 983, 415]]"
636,SK_MRS_1292_3_r.jpg,"[[807, 393, 866, 530], [581, 401, 629, 490]]"
637,SK_MRS_1292_8_r.jpg,"[[537, 279, 670, 600]]"
638,SK_MRS_1293_A11_r.jpg,"[[646, 274, 768, 441], [345, 283, 503, 451]]"
639,SK_MRS_1293_A12_r.jpg,"[[1149, 787, 1213, 888], [715, 714, 791, 880], [1099, 807, 1165, 887]]"
640,SK_MRS_1293_A13_r.jpg,"[[693, 246, 897, 620], [245, 299, 410, 536], [409, 291, 541, 515]]"
641,SK_MRS_1293_A1_r.jpg,"[[972, 257, 1161, 668], [782, 307, 988, 670]]"
642,SK_MRS_1293_A2_r.jpg,"[[797, 547, 1023, 761]]"
643,SK_MRS_1293_A3_r.jpg,"[[341, 446, 511, 775]]"
644,SK_MRS_1293_A4_r.jpg,"[[324, 285, 623, 764]]"
645,SK_MRS_1293_B10_r.jpg,"[[237, 561, 465, 893], [629, 685, 855, 896], [34, 183, 1207, 834], [417, 567, 634, 891], [604, 534, 829, 816], [859, 244, 971, 484], [29, 464, 252, 884]]"
646,SK_MRS_1293_B11_r.jpg,"[[34, 273, 1264, 896], [730, 504, 959, 857], [419, 612, 655, 906], [595, 541, 758, 877], [12, 572, 280, 904], [833, 316, 929, 512], [842, 642, 1104, 900]]"
647,SK_MRS_1293_B12_r.jpg,"[[408, 590, 657, 916], [8, 556, 278, 921], [45, 246, 1249, 857], [728, 495, 961, 856], [812, 656, 1095, 915], [828, 295, 927, 500], [594, 523, 758, 887]]"
648,SK_MRS_1293_B13_r.jpg,"[[954, 358, 1151, 705], [97, 210, 1241, 861]]"
649,SK_MRS_1293_B14_r.jpg,"[[933, 371, 1145, 717]]"
650,SK_MRS_1293_B15_r.jpg,"[[24, 212, 1253, 931]]"
651,SK_MRS_1293_B16_r.jpg,"[[19, 239, 1262, 944]]"
652,SK_MRS_1293_B1_r.jpg,"[[1122, 424, 1216, 681], [864, 417, 1041, 850]]"
653,SK_MRS_1293_B21_r.jpg,"[[998, 609, 1134, 805], [41, 305, 1270, 795]]"
654,SK_MRS_1293_B22_r.jpg,"[[1034, 322, 1178, 671], [80, 332, 203, 563]]"
655,SK_MRS_1293_B25_r.jpg,"[[924, 172, 1192, 782]]"
656,SK_MRS_1293_B27_r.jpg,"[[13, 159, 1267, 819]]"
657,SK_MRS_1293_B28_r.jpg,"[[14, 264, 1272, 789]]"
658,SK_MRS_1293_B29_r.jpg,"[[4, 288, 1272, 781]]"
659,SK_MRS_1293_B2_r.jpg,"[[493, 298, 595, 547], [616, 301, 725, 546], [702, 316, 815, 545]]"
660,SK_MRS_1293_B31_r.jpg,"[[33, 302, 1252, 814]]"
661,SK_MRS_1293_B32_r.jpg,"[[15, 289, 1280, 772], [131, 625, 229, 801]]"
662,SK_MRS_1293_B33_r.jpg,"[[8, 250, 1250, 781], [716, 237, 853, 419]]"
663,SK_MRS_1293_B34_r.jpg,"[[881, 600, 999, 840]]"
664,SK_MRS_1293_B35_r.jpg,"[[16, 244, 1280, 757]]"
665,SK_MRS_1293_B36_r.jpg,"[[41, 266, 1112, 671]]"
666,SK_MRS_1293_B37_r.jpg,"[[113, 230, 230, 408], [70, 281, 1242, 763]]"
667,SK_MRS_1293_B38_r.jpg,"[[130, 317, 1255, 723]]"
668,SK_MRS_1293_B39_r.jpg,"[[83, 280, 1209, 619]]"
669,SK_MRS_1293_B3_r.jpg,"[[499, 284, 607, 534], [625, 292, 734, 528], [394, 288, 517, 557]]"
670,SK_MRS_1293_B40_r.jpg,"[[48, 175, 1210, 703]]"
671,SK_MRS_1293_B41_r.jpg,"[[24, 164, 1249, 757]]"
672,SK_MRS_1293_B42_r.jpg,"[[933, 197, 1229, 787], [5, 173, 203, 551]]"
673,SK_MRS_1293_B46_r.jpg,"[[808, 68, 1079, 778]]"
674,SK_MRS_1293_B4_r.jpg,"[[393, 309, 492, 479]]"
675,SK_MRS_1293_B50_r.jpg,"[[689, 21, 1276, 816]]"
676,SK_MRS_1293_B51_r.jpg,"[[891, 450, 1219, 749]]"
677,SK_MRS_1293_B55_r.jpg,"[[95, 135, 894, 1180]]"
678,SK_MRS_1293_B56_r.jpg,"[[514, 277, 712, 894]]"
679,SK_MRS_1293_B57_r.jpg,"[[752, 117, 961, 537], [1047, 144, 1239, 638], [276, 112, 471, 652], [103, 127, 272, 510]]"
680,SK_MRS_1293_B5_r.jpg,"[[220, 397, 443, 894], [47, 263, 1263, 754], [388, 293, 464, 469]]"
681,SK_MRS_1293_B6_r.jpg,"[[483, 436, 732, 880], [1070, 364, 1267, 723]]"
682,SK_MRS_1293_B7_r.jpg,"[[485, 488, 724, 934], [175, 643, 284, 899], [46, 366, 1254, 795]]"
683,SK_MRS_1293_B8_r.jpg,"[[500, 507, 736, 937], [189, 655, 300, 910], [19, 378, 1256, 798]]"
684,SK_MRS_1293_B9_r.jpg,"[[40, 264, 1188, 685]]"
685,SK_MRS_1294_1_r.jpg,"[[41, 341, 1249, 1056]]"
686,SK_MRS_1294_2_r.jpg,"[[37, 251, 1243, 932]]"
687,SK_MRS_1299_A2_r.jpg,"[[103, 67, 1253, 364]]"
688,SK_MRS_1299_A3_r.jpg,"[[99, 59, 1249, 429]]"
689,SK_MRS_1299_D1_r.jpg,"[[0, 387, 1107, 599]]"
690,SK_MRS_1299_D41_r.jpg,"[[849, 112, 887, 162]]"
691,SK_MRS_1299_D47_r.jpg,"[[507, 485, 916, 942]]"
692,SK_MRS_1300_18_r.jpg,"[[221, 255, 1197, 464]]"
693,SK_MRS_1300_22_r.jpg,"[[154, 169, 1199, 420]]"
694,SK_MRS_1300_23_r.jpg,"[[849, 469, 1025, 890], [1043, 452, 1185, 893], [125, 503, 378, 964]]"
695,SK_MRS_1300_24_r.jpg,"[[867, 516, 1028, 905], [732, 523, 818, 712], [634, 501, 744, 723]]"
696,SK_MRS_1300_33_r.jpg,"[[381, 220, 744, 939]]"
697,SK_MRS_1300_37_r.jpg,"[[443, 549, 498, 699], [879, 470, 994, 787], [713, 471, 850, 772], [1145, 454, 1239, 767], [1001, 456, 1107, 781]]"
698,SK_MRS_1300_39_r.jpg,"[[359, 613, 469, 869]]"
699,SK_MRS_1300_42_r.jpg,"[[978, 549, 1116, 889], [549, 561, 692, 925], [463, 548, 581, 929], [639, 580, 733, 920], [928, 554, 996, 805]]"
700,SK_MRS_1300_44_r.jpg,"[[538, 635, 637, 969], [865, 602, 1010, 934], [370, 609, 487, 971], [487, 628, 614, 960], [810, 606, 876, 847], [1001, 595, 1126, 943], [736, 612, 812, 857]]"
701,SK_MRS_1300_45_r.jpg,"[[589, 555, 646, 705], [1143, 470, 1243, 798], [1025, 492, 1150, 796], [845, 477, 991, 782]]"
702,SK_MRS_1300_48_r.jpg,"[[285, 526, 395, 758]]"
703,SK_MRS_1300_49_r.jpg,"[[546, 714, 633, 1010], [470, 710, 558, 1038]]"
704,SK_MRS_1300_51_r.jpg,"[[785, 110, 1224, 876], [486, 90, 825, 922], [183, 223, 549, 919]]"
705,SK_MRS_1300_52_r.jpg,"[[685, 432, 783, 677]]"
706,SK_MRS_1300_54_r.jpg,"[[624, 587, 821, 1139], [381, 832, 552, 1031]]"
707,SK_MRS_1300_7_r.jpg,"[[805, 372, 949, 591]]"
708,SK_MRS_1301_A1_r.jpg,"[[1112, 451, 1216, 684], [20, 349, 1280, 722], [895, 442, 1001, 697]]"
709,SK_MRS_1301_B1_r.jpg,"[[380, 298, 562, 785], [569, 289, 759, 804]]"
710,SK_MRS_1303_23_r.jpg,"[[357, 345, 423, 437]]"
711,SK_MRS_1303_6_r.jpg,"[[414, 296, 525, 526]]"
712,SK_MRS_1304_19_r.jpg,"[[277, 711, 329, 855]]"
713,SK_MRS_1304_1_r.jpg,"[[1095, 599, 1159, 719], [974, 594, 1067, 878]]"
714,SK_MRS_1304_33_r.jpg,"[[498, 521, 566, 688]]"
715,SK_MRS_1307_10_r.jpg,"[[114, 26, 815, 1223]]"
716,SK_MRS_1307_2_r.jpg,"[[738, 149, 962, 521], [274, 317, 593, 674]]"
717,SK_MRS_1307_3_r.jpg,"[[101, 74, 815, 1158]]"
718,SK_MRS_1307_4_r.jpg,"[[684, 187, 993, 652]]"
719,SK_MRS_1307_5_r.jpg,"[[752, 117, 1003, 538], [167, 281, 551, 911]]"
720,SK_MRS_1307_6_r.jpg,"[[744, 89, 994, 497], [174, 271, 525, 828]]"
721,SK_MRS_1307_7_r.jpg,"[[18, 185, 970, 1247]]"
722,SK_MRS_1307_8_r.jpg,"[[199, 21, 776, 1258]]"
723,SK_MRS_1308_10_r.jpg,"[[242, 462, 579, 1254]]"
724,SK_MRS_1308_2_r.jpg,"[[210, 473, 488, 1232]]"
725,SK_MRS_1308_4_r.jpg,"[[249, 294, 450, 730]]"
726,SK_MRS_1308_6_r.jpg,"[[288, 325, 472, 750]]"
727,SK_MRS_1308_8_r.jpg,"[[101, 505, 215, 900]]"
728,SK_MRS_1308_9_r.jpg,"[[100, 532, 206, 898], [22, 507, 114, 893]]"
729,SK_MRS_1309_A11_r.jpg,"[[416, 718, 504, 909]]"
730,SK_MRS_1309_A1_r.jpg,"[[819, 529, 999, 859]]"
731,SK_MRS_1309_A2_r.jpg,"[[708, 614, 824, 895], [383, 615, 486, 866], [630, 614, 720, 879], [503, 592, 590, 840]]"
732,SK_MRS_1309_A3_r.jpg,"[[741, 650, 816, 877], [641, 648, 695, 809]]"
733,SK_MRS_1309_A4_r.jpg,"[[522, 714, 674, 984]]"
734,SK_MRS_1309_A5_r.jpg,"[[825, 539, 899, 681]]"
735,SK_MRS_1309_A7_r.jpg,"[[649, 650, 806, 906]]"
736,SK_MRS_1309_A8_r.jpg,"[[330, 458, 427, 725]]"
737,SK_MRS_1309_A9_r.jpg,"[[762, 768, 898, 1175], [648, 706, 764, 955], [540, 606, 608, 766], [873, 781, 1017, 1209]]"
738,SK_MRS_1309_B100_r.jpg,"[[386, 727, 488, 933], [480, 656, 564, 845]]"
739,SK_MRS_1309_B104_r.jpg,"[[298, 545, 446, 908], [479, 564, 582, 847]]"
740,SK_MRS_1309_B107_r.jpg,"[[165, 75, 356, 375], [793, 81, 971, 376]]"
741,SK_MRS_1309_B111_r.jpg,"[[932, 714, 996, 886]]"
742,SK_MRS_1309_B11_r.jpg,"[[100, 249, 189, 440]]"
743,SK_MRS_1309_B12_r.jpg,"[[86, 747, 189, 998], [446, 511, 570, 703], [275, 736, 370, 983], [193, 717, 287, 943]]"
744,SK_MRS_1309_B18_r.jpg,"[[370, 244, 568, 560], [923, 230, 1109, 548]]"
745,SK_MRS_1309_B24_r.jpg,"[[767, 107, 938, 377], [198, 105, 361, 371]]"
746,SK_MRS_1309_B25_r.jpg,"[[196, 97, 364, 380], [770, 96, 939, 380]]"
747,SK_MRS_1309_B2_r.jpg,"[[440, 176, 493, 276]]"
748,SK_MRS_1309_B33_r.jpg,"[[898, 295, 1055, 473]]"
749,SK_MRS_1309_B39_r.jpg,"[[238, 308, 445, 927], [413, 335, 592, 661]]"
750,SK_MRS_1309_B3_r.jpg,"[[255, 211, 477, 777], [417, 228, 592, 535]]"
751,SK_MRS_1309_B40_r.jpg,"[[454, 182, 500, 275]]"
752,SK_MRS_1309_B41_r.jpg,"[[638, 468, 810, 838], [295, 495, 377, 718], [157, 498, 264, 750], [352, 515, 461, 787]]"
753,SK_MRS_1309_B44_r.jpg,"[[802, 80, 1138, 717], [330, 49, 680, 710]]"
754,SK_MRS_1309_B47_r.jpg,"[[635, 369, 724, 602], [247, 419, 336, 689], [514, 365, 600, 577], [391, 401, 506, 615]]"
755,SK_MRS_1309_B48_r.jpg,"[[606, 394, 788, 857]]"
756,SK_MRS_1309_B4_r.jpg,"[[901, 468, 1086, 756], [152, 427, 262, 688], [611, 428, 769, 716]]"
757,SK_MRS_1309_B50_r.jpg,"[[443, 689, 665, 949]]"
758,SK_MRS_1309_B51_r.jpg,"[[445, 811, 674, 1265]]"
759,SK_MRS_1309_B55_r.jpg,"[[327, 742, 420, 881], [570, 651, 652, 903]]"
760,SK_MRS_1309_B56_r.jpg,"[[283, 573, 433, 822], [513, 611, 633, 857], [825, 647, 992, 957]]"
761,SK_MRS_1309_B57_r.jpg,"[[673, 401, 896, 922], [875, 438, 1094, 952], [167, 580, 413, 922]]"
762,SK_MRS_1309_B58_r.jpg,"[[772, 501, 917, 823], [228, 491, 356, 870], [542, 494, 703, 765]]"
763,SK_MRS_1309_B59_r.jpg,"[[859, 408, 978, 649]]"
764,SK_MRS_1309_B60_r.jpg,"[[811, 449, 980, 832], [374, 482, 671, 1104]]"
765,SK_MRS_1309_B61_r.jpg,"[[181, 527, 381, 942], [577, 730, 786, 1129]]"
766,SK_MRS_1309_B62_r.jpg,"[[997, 480, 1066, 642]]"
767,SK_MRS_1309_B63_r.jpg,"[[664, 627, 725, 798], [780, 627, 853, 845], [333, 433, 442, 582]]"
768,SK_MRS_1309_B64_r.jpg,"[[689, 288, 890, 776]]"
769,SK_MRS_1309_B65_r.jpg,"[[476, 297, 590, 625]]"
770,SK_MRS_1309_B66_r.jpg,"[[600, 266, 754, 743], [418, 291, 559, 589]]"
771,SK_MRS_1309_B67_r.jpg,"[[777, 561, 931, 941], [588, 597, 698, 856]]"
772,SK_MRS_1309_B68_r.jpg,"[[434, 484, 592, 936], [217, 461, 375, 879], [710, 466, 991, 993]]"
773,SK_MRS_1309_B69_r.jpg,"[[593, 467, 723, 734], [395, 436, 532, 717]]"
774,SK_MRS_1309_B6_r.jpg,"[[785, 493, 840, 602], [739, 437, 777, 511]]"
775,SK_MRS_1309_B71_r.jpg,"[[761, 846, 826, 976]]"
776,SK_MRS_1309_B72_r.jpg,"[[536, 406, 649, 734], [696, 439, 852, 718], [310, 276, 468, 783]]"
777,SK_MRS_1309_B73_r.jpg,"[[492, 196, 598, 502], [272, 213, 406, 500], [803, 137, 986, 720], [642, 148, 805, 597]]"
778,SK_MRS_1309_B74_r.jpg,"[[693, 346, 845, 839]]"
779,SK_MRS_1309_B75_r.jpg,"[[408, 266, 741, 622]]"
780,SK_MRS_1309_B76_r.jpg,"[[393, 646, 600, 1150]]"
781,SK_MRS_1309_B78_r.jpg,"[[466, 126, 766, 794]]"
782,SK_MRS_1309_B79_r.jpg,"[[428, 652, 657, 943], [818, 665, 970, 1000]]"
783,SK_MRS_1309_B80_r.jpg,"[[138, 719, 264, 1053]]"
784,SK_MRS_1309_B98_r.jpg,"[[444, 612, 546, 897], [687, 641, 814, 963], [302, 632, 427, 917], [598, 637, 693, 944], [532, 631, 625, 918]]"
785,SK_MRS_1309_B99_r.jpg,"[[604, 621, 679, 849], [245, 656, 373, 906], [527, 598, 613, 870]]"
786,SK_MRS_1310_23_r.jpg,"[[843, 260, 900, 340], [287, 255, 342, 334]]"
787,SK_MRS_1310_25_r.jpg,"[[308, 484, 428, 837]]"
788,SK_MRS_1310_30_r.jpg,"[[715, 508, 791, 704], [899, 341, 977, 517]]"
789,SK_MRS_1310_31_r.jpg,"[[793, 577, 847, 688]]"
790,SK_MRS_1310_33_r.jpg,"[[736, 272, 786, 357], [498, 243, 544, 322], [350, 210, 396, 281]]"
791,SK_MRS_1310_37_r.jpg,"[[717, 156, 784, 259]]"
792,SK_MRS_1310_3_r.jpg,"[[470, 288, 502, 343]]"
793,SK_MRS_1310_40_r.jpg,"[[768, 523, 869, 747], [634, 467, 693, 592], [897, 428, 946, 556]]"
794,SK_MRS_1310_7_r.jpg,"[[480, 240, 636, 526]]"
795,SK_MRS_1311_10_r (5th copy).jpg,"[[415, 571, 664, 830]]"
796,SK_MRS_1311_10_r (7th copy).jpg,"[[757, 563, 1035, 1125]]"
797,SK_MRS_1311_10_r (copy).jpg,"[[792, 515, 937, 873], [397, 563, 650, 1146]]"
798,SK_MRS_1311_12_r (4th copy).jpg,"[[214, 614, 311, 846]]"
799,SK_MRS_1311_1_r (3rd copy).jpg,"[[1051, 456, 1183, 894], [985, 535, 1068, 819], [661, 373, 887, 1007]]"
800,SK_MRS_1311_1_r (another copy).jpg,"[[1007, 662, 1128, 987], [773, 683, 859, 943]]"
801,SK_MRS_1311_2_r (4th copy).jpg,"[[563, 375, 861, 1030]]"
802,SK_MRS_1311_2_r (6th copy).jpg,"[[529, 322, 833, 798]]"
803,SK_MRS_1311_2_r (7th copy).jpg,"[[220, 597, 372, 983], [496, 547, 642, 933]]"
804,SK_MRS_1311_2_r (another copy).jpg,"[[900, 452, 1076, 757], [163, 410, 266, 662], [605, 443, 760, 738], [298, 424, 369, 633], [352, 459, 441, 694]]"
805,SK_MRS_1311_3_r (3rd copy).jpg,"[[497, 668, 668, 1122]]"
806,SK_MRS_1311_3_r (4th copy).jpg,"[[864, 673, 1006, 983], [480, 668, 704, 955]]"
807,SK_MRS_1311_3_r (5th copy).jpg,"[[504, 212, 807, 820]]"
808,SK_MRS_1311_3_r (7th copy).jpg,"[[430, 492, 618, 1044]]"
809,SK_MRS_1311_3_r (another copy).jpg,"[[540, 412, 670, 665], [758, 578, 901, 996]]"
810,SK_MRS_1311_3_r (copy).jpg,"[[656, 279, 961, 821], [386, 328, 724, 874]]"
811,SK_MRS_1311_4_r (3rd copy).jpg,"[[535, 309, 668, 561], [759, 464, 917, 889]]"
812,SK_MRS_1311_4_r (5th copy).jpg,"[[285, 403, 464, 959], [447, 420, 603, 751]]"
813,SK_MRS_1311_4_r (another copy).jpg,"[[530, 320, 798, 839]]"
814,SK_MRS_1311_4_r (copy).jpg,"[[452, 849, 505, 961]]"
815,SK_MRS_1311_5_r (3rd copy).jpg,"[[701, 428, 895, 951]]"
816,SK_MRS_1311_5_r (4th copy).jpg,"[[454, 420, 567, 668], [661, 566, 814, 987]]"
817,SK_MRS_1311_5_r (6th copy).jpg,"[[544, 516, 637, 821]]"
818,SK_MRS_1311_6_r (4th copy).jpg,"[[645, 752, 812, 1038]]"
819,SK_MRS_1311_6_r (7th copy).jpg,"[[545, 540, 639, 804]]"
820,SK_MRS_1311_6_r (another copy).jpg,"[[440, 516, 564, 949], [680, 498, 967, 1004], [237, 510, 355, 916]]"
821,SK_MRS_1311_6_r (copy).jpg,"[[542, 520, 651, 829]]"
822,SK_MRS_1311_7_r (3rd copy).jpg,"[[556, 380, 675, 533]]"
823,SK_MRS_1311_7_r (4th copy).jpg,"[[674, 495, 787, 753], [485, 491, 614, 734]]"
824,SK_MRS_1311_7_r (5th copy).jpg,"[[515, 641, 598, 885], [736, 782, 803, 909], [298, 728, 392, 852]]"
825,SK_MRS_1311_7_r (7th copy).jpg,"[[682, 543, 815, 857], [158, 511, 284, 883], [451, 533, 616, 797]]"
826,SK_MRS_1311_8_r (3rd copy).jpg,"[[877, 626, 1013, 934], [340, 623, 459, 951]]"
827,SK_MRS_1311_8_r (4th copy).jpg,"[[730, 573, 869, 923], [557, 588, 651, 839]]"
828,SK_MRS_1311_8_r (5th copy).jpg,"[[291, 736, 566, 1186]]"
829,SK_MRS_1311_8_r (6th copy).jpg,"[[634, 253, 792, 522], [300, 389, 539, 900]]"
830,SK_MRS_1311_8_r (7th copy).jpg,"[[923, 684, 1040, 995], [840, 736, 941, 962]]"
831,SK_MRS_1311_8_r (copy).jpg,"[[891, 818, 962, 945], [719, 688, 806, 930]]"
832,SK_MRS_1311_9_r (3rd copy).jpg,"[[679, 321, 965, 1132]]"
833,SK_MRS_1311_9_r (4th copy).jpg,"[[191, 479, 378, 881], [581, 722, 767, 1117]]"
834,SK_MRS_1311_9_r (5th copy).jpg,"[[562, 550, 772, 1031]]"
835,SK_MRS_1311_9_r (7th copy).jpg,"[[739, 329, 863, 620], [545, 326, 692, 768], [819, 339, 911, 598]]"
836,SK_MRS_1311_9_r (another copy).jpg,"[[700, 858, 757, 982]]"
837,SK_MRS_1311_9_r (copy).jpg,"[[724, 446, 870, 708], [575, 413, 676, 727], [369, 306, 513, 771]]"
838,SK_MRS_1312_B19_r.jpg,"[[357, 642, 414, 803]]"
839,SK_MRS_1312_B23_r.jpg,"[[811, 748, 865, 869], [734, 748, 790, 859]]"
840,SK_MRS_1312_B24_r.jpg,"[[832, 599, 923, 861], [750, 594, 837, 849], [934, 599, 1028, 848]]"
841,SK_MRS_1314_12_r.jpg,"[[199, 529, 325, 879], [345, 544, 474, 886], [487, 555, 604, 878], [310, 538, 418, 885], [608, 504, 741, 875]]"
842,SK_MRS_1314_1_r.jpg,"[[722, 234, 879, 688], [604, 305, 722, 677], [450, 494, 582, 707]]"
843,SK_MRS_1314_2_r.jpg,"[[1061, 414, 1100, 470]]"
844,SK_MRS_1314_7_r.jpg,"[[496, 702, 547, 836]]"
845,SK_MRS_1314_9_r.jpg,"[[577, 392, 686, 769], [419, 397, 532, 689]]"
846,SK_MRS_1315_11_r.jpg,"[[857, 572, 1042, 929]]"
847,SK_MRS_1317_10_r.jpg,"[[730, 979, 801, 1116]]"
848,SK_MRS_1317_12_r.jpg,"[[988, 274, 1044, 369], [414, 281, 472, 379], [330, 286, 409, 413]]"
849,SK_MRS_1317_13_r.jpg,"[[1076, 287, 1143, 402], [464, 269, 529, 388], [395, 272, 456, 377], [1186, 293, 1270, 426]]"
850,SK_MRS_1317_15_r.jpg,"[[0, 276, 1279, 504]]"
851,SK_MRS_1318_1_r.jpg,"[[318, 460, 508, 1043], [524, 558, 698, 1054]]"
852,SK_MRS_1318_2_r.jpg,"[[959, 484, 1131, 854], [672, 485, 834, 818], [528, 406, 642, 591]]"
853,SK_MRS_1318_3_r.jpg,"[[440, 391, 536, 584], [545, 393, 621, 589], [721, 401, 805, 601], [660, 393, 727, 598], [364, 397, 455, 597]]"
854,SK_MRS_1318_4_r.jpg,"[[922, 378, 1104, 755], [619, 366, 800, 715], [483, 278, 603, 468]]"
855,SK_MRS_1318_6_r.jpg,"[[846, 301, 977, 488], [668, 264, 800, 501]]"
856,SK_MRS_1318_7_r.jpg,"[[429, 346, 534, 554], [541, 347, 623, 554], [350, 351, 435, 560]]"
857,SK_MRS_1318_8_r.jpg,"[[988, 485, 1162, 887], [663, 485, 846, 834], [557, 518, 687, 821]]"
858,SK_MRS_1318_9_r.jpg,"[[987, 383, 1196, 846], [637, 393, 829, 792], [340, 412, 488, 756], [470, 288, 607, 515], [815, 389, 991, 801], [321, 315, 446, 534], [177, 300, 321, 502]]"
859,SK_MRS_1319_40_r.jpg,"[[395, 602, 596, 933]]"
860,SK_MRS_1319_41_r.jpg,"[[354, 439, 584, 803]]"
861,SK_MRS_1319_43_r.jpg,"[[624, 282, 909, 698]]"
862,SK_MRS_1319_4_r.jpg,"[[947, 444, 995, 556]]"
863,SK_MRS_1321_12_r.jpg,"[[992, 457, 1039, 549], [929, 462, 977, 554]]"
864,SK_MRS_1321_16_r.jpg,"[[585, 346, 661, 503]]"
865,SK_MRS_1325_13_r.jpg,"[[257, 434, 602, 842], [937, 452, 1246, 855]]"
866,SK_MRS_1325_7_r.jpg,"[[657, 710, 703, 820]]"
867,SK_MRS_1326_1_r.jpg,"[[225, 208, 428, 570]]"
868,SK_MRS_1326_2_r.jpg,"[[638, 234, 945, 863], [15, 169, 281, 734], [253, 241, 560, 786]]"
869,SK_MRS_1326_3_r.jpg,"[[855, 315, 1033, 740], [1024, 310, 1202, 738]]"
870,SK_MRS_1326_4_r.jpg,"[[840, 436, 1234, 923], [6, 439, 273, 910]]"
871,SK_MRS_1326_5_r.jpg,"[[16, 162, 1263, 883], [824, 692, 924, 883], [917, 633, 1051, 883], [1051, 648, 1158, 883]]"
872,SK_MRS_1326_6_r.jpg,"[[193, 277, 390, 643], [871, 186, 1069, 692]]"
873,SK_MRS_1327_1_r.jpg,"[[273, 194, 547, 607], [883, 232, 1073, 704], [27, 211, 349, 919]]"
874,SK_MRS_1328_12_r.jpg,"[[9, 442, 205, 887], [625, 487, 857, 827], [839, 474, 1042, 918], [297, 464, 382, 561]]"
875,SK_MRS_1328_13_r.jpg,"[[709, 535, 809, 751], [141, 510, 214, 735]]"
876,SK_MRS_1328_14_r.jpg,"[[408, 474, 522, 785]]"
877,SK_MRS_1328_15_r.jpg,"[[359, 390, 555, 857]]"
878,SK_MRS_1328_17_r.jpg,"[[306, 420, 490, 928]]"
879,SK_MRS_1328_18_r.jpg,"[[282, 509, 408, 841], [435, 527, 540, 793]]"
880,SK_MRS_1328_1_r.jpg,"[[843, 168, 1023, 686]]"
881,SK_MRS_1328_20_r.jpg,"[[61, 162, 175, 425], [182, 202, 248, 366], [358, 108, 575, 706]]"
882,SK_MRS_1328_21_r.jpg,"[[706, 144, 1197, 904], [335, 159, 732, 891]]"
883,SK_MRS_1328_22_r.jpg,"[[552, 179, 1069, 919], [97, 155, 585, 941], [473, 144, 724, 561], [896, 114, 1227, 903]]"
884,SK_MRS_1328_23_r.jpg,"[[167, 191, 477, 898], [938, 344, 996, 470], [482, 159, 773, 864]]"
885,SK_MRS_1328_24_r.jpg,"[[470, 269, 692, 889], [972, 188, 1229, 929]]"
886,SK_MRS_1328_25_r.jpg,"[[446, 172, 911, 916], [845, 120, 1229, 896]]"
887,SK_MRS_1328_26_r.jpg,"[[532, 389, 716, 856]]"
888,SK_MRS_1328_27_r.jpg,"[[11, 395, 406, 968], [540, 471, 874, 967], [289, 439, 419, 628]]"
889,SK_MRS_1328_28_r.jpg,"[[19, 313, 112, 539], [185, 305, 284, 569], [122, 350, 174, 488]]"
890,SK_MRS_1328_29_r.jpg,"[[388, 165, 707, 1230]]"
891,SK_MRS_1328_2_r.jpg,"[[571, 319, 760, 828], [916, 291, 1066, 727]]"
892,SK_MRS_1328_6_r.jpg,"[[38, 560, 130, 814], [197, 527, 279, 730]]"
893,SK_MRS_1328_7_r.jpg,"[[494, 440, 840, 965]]"
894,SK_MRS_1328_9_r.jpg,"[[19, 338, 291, 916], [557, 416, 806, 914], [821, 450, 1044, 861]]"
895,SK_MRS_1329_2_r.jpg,"[[20, 180, 1117, 592]]"
896,SK_MRS_1331_4_r.jpg,"[[238, 859, 328, 1094], [723, 860, 764, 975], [463, 883, 495, 975], [509, 889, 559, 1008], [652, 896, 705, 1019], [343, 833, 406, 1025], [687, 859, 726, 969], [612, 902, 643, 981], [397, 843, 442, 984]]"
897,SK_MRS_1331_5_r.jpg,"[[613, 609, 709, 802]]"
898,SK_MRS_1331_6_r.jpg,"[[560, 618, 677, 835]]"
899,SK_MRS_1331_7_r.jpg,"[[806, 674, 908, 849]]"
900,SK_MRS_1331_8_r.jpg,"[[964, 292, 1178, 815]]"
901,SK_MRS_1331_9_r.jpg,"[[563, 666, 664, 873], [362, 638, 420, 796], [317, 637, 371, 781], [250, 645, 309, 785], [428, 606, 478, 703]]"
902,SK_MRS_1332_1_r.jpg,"[[272, 129, 755, 1160]]"
903,SK_MRS_1333_20_r.jpg,"[[879, 488, 994, 619], [490, 463, 587, 596]]"
904,SK_MRS_1333_22_r.jpg,"[[1022, 516, 1079, 593]]"
905,SK_MRS_1333_5_r.jpg,"[[544, 422, 641, 618]]"
906,SK_MRS_1334_21_r.jpg,"[[532, 494, 564, 564]]"
907,SK_MRS_1334_22_r.jpg,"[[451, 765, 486, 889]]"
908,SK_MRS_1334_24_r.jpg,"[[849, 495, 900, 610]]"
909,SK_MRS_1334_25_r.jpg,"[[593, 932, 684, 1178]]"
910,SK_MRS_1334_29_r.jpg,"[[255, 777, 295, 900]]"
911,SK_MRS_1334_31_r.jpg,"[[665, 951, 743, 1173], [433, 926, 516, 1182]]"
912,SK_MRS_1334_33_r.jpg,"[[546, 844, 644, 1125]]"
913,SK_MRS_1334_34_r.jpg,"[[82, 1004, 137, 1091]]"
914,SK_MRS_1334_35_r.jpg,"[[507, 892, 587, 1105], [599, 902, 695, 1107]]"
915,SK_MRS_1334_36_r.jpg,"[[379, 873, 524, 1111]]"
916,SK_MRS_1334_37_r.jpg,"[[496, 927, 559, 1106]]"
917,SK_MRS_1334_39_r.jpg,"[[711, 557, 759, 666]]"
918,SK_MRS_1334_42_r.jpg,"[[855, 574, 884, 647]]"
919,SK_MRS_1334_67_r.jpg,"[[412, 343, 474, 421]]"
920,SK_MRS_1334_94_r.jpg,"[[933, 338, 1159, 734]]"
921,SK_MRS_1335_14_r.jpg,"[[513, 883, 579, 1069], [616, 890, 674, 1070]]"
922,SK_MRS_1335_24_r.jpg,"[[444, 874, 486, 987]]"
923,SK_MRS_1335_25_r.jpg,"[[442, 575, 610, 1146]]"
924,SK_MRS_1335_26_r.jpg,"[[459, 797, 580, 961], [176, 770, 325, 981], [352, 788, 480, 953]]"
925,SK_MRS_1335_32_r.jpg,"[[272, 406, 355, 537], [851, 406, 929, 530]]"
926,SK_MRS_1335_37_r.jpg,"[[911, 427, 956, 487]]"
927,SK_MRS_1335_39_r.jpg,"[[143, 349, 256, 528], [450, 416, 554, 593], [361, 445, 448, 593], [336, 377, 447, 540]]"
928,SK_MRS_1335_44_r.jpg,"[[338, 859, 436, 1106]]"
929,SK_MRS_1335_51_r.jpg,"[[4, 485, 280, 755], [139, 416, 201, 484]]"
930,SK_MRS_1335_52_r.jpg,"[[1037, 471, 1093, 539]]"
931,SK_MRS_1335_53_r.jpg,"[[127, 96, 580, 1167]]"
932,SK_MRS_1335_54_r.jpg,"[[188, 485, 686, 1278]]"
933,SK_MRS_1335_55_r.jpg,"[[161, 466, 675, 1280]]"
934,SK_MRS_1335_56_r.jpg,"[[335, 340, 592, 1082], [142, 298, 428, 1082]]"
935,SK_MRS_1335_57_r.jpg,"[[329, 302, 609, 1091]]"
936,SK_MRS_1335_61_r.jpg,"[[269, 395, 435, 892]]"
937,SK_MRS_1335_66_r.jpg,"[[250, 719, 358, 980]]"
938,SK_MRS_1335_70_r.jpg,"[[749, 500, 820, 622]]"
939,SK_MRS_1335_73_r.jpg,"[[1024, 452, 1143, 602], [93, 332, 1279, 690], [145, 491, 263, 737]]"
940,SK_MRS_1335_74_r.jpg,"[[254, 147, 488, 671], [986, 355, 1172, 708], [824, 217, 1011, 716]]"
941,SK_MRS_1335_75_r.jpg,"[[815, 548, 914, 760]]"
942,SK_MRS_1335_76_r.jpg,"[[846, 438, 984, 765], [401, 498, 618, 828], [24, 310, 1247, 822]]"
943,SK_MRS_1335_77_r.jpg,"[[654, 592, 996, 903], [17, 32, 1275, 838], [652, 371, 773, 596], [202, 312, 447, 640], [719, 403, 933, 652], [988, 387, 1255, 856], [1016, 330, 1233, 677]]"
944,SK_MRS_1335_79_r.jpg,"[[270, 556, 416, 942]]"
945,SK_MRS_1335_80_r.jpg,"[[264, 808, 319, 919], [215, 791, 262, 910], [314, 798, 383, 915]]"
946,SK_MRS_1335_81_r.jpg,"[[763, 432, 837, 557], [841, 435, 907, 556], [419, 372, 519, 568]]"
947,SK_MRS_1335_89_r.jpg,"[[876, 464, 973, 582]]"
948,SK_MRS_1335_91_r.jpg,"[[510, 384, 608, 557]]"
949,SK_MRS_1335_92_r.jpg,"[[130, 792, 177, 896]]"
950,SK_MRS_1335_94_r.jpg,"[[695, 461, 790, 637]]"
951,SK_MRS_1335_96_r.jpg,"[[340, 374, 432, 568], [934, 336, 1077, 607], [194, 533, 448, 697], [685, 349, 788, 570], [596, 356, 693, 571]]"
952,SK_MRS_1335_98_r.jpg,"[[245, 35, 674, 1193]]"
953,SK_MRS_1337_1_r.jpg,"[[46, 537, 134, 766], [239, 552, 315, 764]]"
954,SK_MRS_1337_2_r.jpg,"[[177, 520, 282, 796], [463, 524, 551, 825]]"
955,SK_MRS_1338_10_r.jpg,"[[54, 162, 1238, 784]]"
956,SK_MRS_1338_11_r.jpg,"[[899, 225, 1195, 973], [693, 327, 905, 973], [452, 307, 683, 954], [194, 342, 430, 956]]"
957,SK_MRS_1338_12_r.jpg,"[[410, 361, 611, 824]]"
958,SK_MRS_1338_13_r.jpg,"[[726, 413, 842, 756], [1080, 355, 1246, 820]]"
959,SK_MRS_1338_1_r.jpg,"[[157, 228, 1275, 684]]"
960,SK_MRS_1338_2_r.jpg,"[[76, 196, 1249, 803]]"
961,SK_MRS_1338_3_r.jpg,"[[535, 432, 727, 932], [1068, 526, 1207, 877]]"
962,SK_MRS_1338_5_r.jpg,"[[18, 31, 1255, 464], [447, 178, 544, 422]]"
963,SK_MRS_1338_6_r.jpg,"[[33, 173, 1268, 675]]"
964,SK_MRS_1338_8_r.jpg,"[[969, 434, 1049, 567], [564, 320, 672, 535]]"
965,SK_MRS_1338_9_r.jpg,"[[587, 368, 768, 786]]"
966,SK_MRS_1339_1_r.jpg,"[[328, 425, 532, 887]]"
967,SK_MRS_1339_5_r.jpg,"[[343, 725, 504, 1261], [507, 588, 697, 1197]]"
968,SK_MRS_1340_1_r.jpg,"[[188, 420, 1248, 760]]"
969,SK_MRS_1340_3_r.jpg,"[[372, 493, 439, 678], [126, 425, 1248, 744]]"
970,SK_MRS_1340_4_r.jpg,"[[65, 475, 1279, 825]]"
971,SK_MRS_1340_5_r.jpg,"[[55, 314, 1259, 690], [275, 334, 427, 700]]"
972,SK_MRS_1340_6_r.jpg,"[[52, 330, 1195, 715], [302, 374, 465, 697]]"
973,SK_MRS_1341_1_r.jpg,"[[607, 450, 656, 522], [458, 467, 521, 605]]"
974,SK_MRS_1341_2_r.jpg,"[[152, 189, 444, 1183], [447, 214, 756, 1262]]"
975,SK_MRS_1341_3_r.jpg,"[[3, 36, 771, 990]]"
976,SK_MRS_1344_A11_r.jpg,"[[114, 238, 1151, 478]]"
977,SK_MRS_1346_10_r.jpg,"[[109, 266, 1111, 503]]"
978,SK_MRS_1346_16_r.jpg,"[[10, 195, 1280, 580], [41, 243, 1191, 435]]"
979,SK_MRS_1346_18_r.jpg,"[[177, 172, 1236, 407]]"
980,SK_MRS_1346_20_r.jpg,"[[106, 236, 1270, 431]]"
981,SK_MRS_1346_24_r.jpg,"[[202, 250, 1215, 470]]"
982,SK_MRS_1346_2_r.jpg,"[[92, 208, 1152, 419]]"
983,SK_MRS_1347_10_r.jpg,"[[288, 362, 363, 428], [818, 343, 901, 411], [115, 308, 1155, 454], [681, 328, 742, 406]]"
984,SK_MRS_1348_23_r.jpg,"[[346, 402, 528, 642]]"
985,SK_MRS_1348_5_r.jpg,"[[779, 257, 839, 339], [201, 262, 261, 347]]"
986,SK_MRS_1349_10_r (6th copy).jpg,"[[464, 525, 526, 686]]"
987,SK_MRS_1349_10_r (7th copy).jpg,"[[426, 519, 602, 907]]"
988,SK_MRS_1349_10_r (another copy).jpg,"[[783, 440, 931, 871], [912, 412, 1080, 953], [494, 388, 680, 951], [661, 429, 781, 885]]"
989,SK_MRS_1349_11_r (5th copy).jpg,"[[779, 713, 997, 1158], [415, 831, 498, 1028], [464, 849, 568, 1041]]"
990,SK_MRS_1349_11_r (6th copy).jpg,"[[526, 667, 590, 827], [596, 650, 671, 842], [72, 756, 131, 945]]"
991,SK_MRS_1349_11_r (another copy).jpg,"[[527, 555, 688, 1087], [260, 648, 428, 1012]]"
992,SK_MRS_1349_11_r (copy).jpg,"[[113, 416, 223, 694], [164, 795, 399, 1144], [924, 572, 1186, 1159], [391, 553, 606, 1054], [780, 584, 927, 849], [572, 420, 710, 740], [204, 419, 320, 682]]"
993,SK_MRS_1349_12_r (3rd copy).jpg,"[[717, 653, 929, 1149]]"
994,SK_MRS_1349_12_r (4th copy).jpg,"[[696, 678, 749, 816], [651, 660, 701, 821]]"
995,SK_MRS_1349_12_r (5th copy).jpg,"[[683, 571, 757, 696]]"
996,SK_MRS_1349_12_r (6th copy).jpg,"[[675, 488, 777, 804]]"
997,SK_MRS_1349_12_r (another copy).jpg,"[[490, 488, 574, 733]]"
998,SK_MRS_1349_12_r (copy).jpg,"[[603, 581, 683, 795]]"
999,SK_MRS_1349_13_r (6th copy).jpg,"[[513, 243, 768, 691]]"
1000,SK_MRS_1349_13_r (another copy).jpg,"[[476, 395, 589, 693], [38, 290, 1197, 704], [823, 390, 921, 694]]"
1001,SK_MRS_1349_13_r.jpg,"[[181, 545, 530, 1195]]"
1002,SK_MRS_1349_2_r (3rd copy).jpg,"[[226, 673, 277, 822], [295, 677, 345, 840], [1037, 403, 1097, 557], [411, 667, 519, 881]]"
1003,SK_MRS_1349_2_r (7th copy).jpg,"[[155, 772, 207, 925], [224, 773, 275, 942], [953, 486, 1010, 630]]"
1004,SK_MRS_1349_2_r (another copy).jpg,"[[430, 562, 509, 764], [389, 595, 424, 681], [605, 578, 671, 781]]"
1005,SK_MRS_1349_3_r (4th copy).jpg,"[[982, 704, 1035, 838]]"
1006,SK_MRS_1349_3_r (5th copy).jpg,"[[535, 466, 633, 685], [628, 467, 703, 691], [808, 481, 863, 664]]"
1007,SK_MRS_1349_3_r (6th copy).jpg,"[[840, 602, 919, 807], [556, 608, 637, 804], [669, 597, 739, 810], [775, 630, 838, 790]]"
1008,SK_MRS_1349_3_r.jpg,"[[705, 666, 826, 971], [848, 676, 948, 955], [918, 666, 1055, 965]]"
1009,SK_MRS_1349_4_r (4th copy).jpg,"[[771, 597, 846, 773]]"
1010,SK_MRS_1349_4_r (another copy).jpg,"[[400, 238, 543, 512]]"
1011,SK_MRS_1349_5_r (4th copy).jpg,"[[538, 326, 585, 426], [955, 1028, 1016, 1162], [923, 1054, 961, 1162], [490, 351, 540, 437]]"
1012,SK_MRS_1349_5_r (copy).jpg,"[[696, 787, 831, 1086], [970, 696, 1098, 971], [882, 711, 976, 960], [364, 709, 466, 935], [494, 708, 554, 873], [680, 711, 729, 847]]"
1013,SK_MRS_1349_5_r.jpg,"[[670, 776, 813, 1107], [861, 746, 947, 982], [353, 743, 432, 962], [558, 755, 661, 1099], [945, 725, 1058, 995]]"
1014,SK_MRS_1349_6_r (5th copy).jpg,"[[794, 538, 895, 756], [635, 539, 723, 738], [500, 523, 555, 652]]"
1015,SK_MRS_1349_6_r (7th copy).jpg,"[[831, 815, 924, 1052], [504, 755, 544, 853], [729, 809, 832, 1034], [588, 764, 641, 875], [613, 826, 706, 1041]]"
1016,SK_MRS_1349_6_r (copy).jpg,"[[621, 595, 709, 801]]"
1017,SK_MRS_1349_6_r.jpg,"[[737, 643, 823, 884]]"
1018,SK_MRS_1349_7_r (3rd copy).jpg,"[[456, 522, 529, 729]]"
1019,SK_MRS_1349_7_r (4th copy).jpg,"[[706, 521, 838, 822], [922, 509, 1069, 817], [854, 526, 957, 802]]"
1020,SK_MRS_1349_7_r (5th copy).jpg,"[[151, 311, 431, 1011]]"
1021,SK_MRS_1349_7_r (6th copy).jpg,"[[515, 479, 581, 607], [180, 523, 217, 639], [574, 454, 648, 628], [132, 523, 177, 658]]"
1022,SK_MRS_1349_7_r.jpg,"[[262, 443, 384, 823], [597, 523, 712, 846], [493, 514, 589, 762], [373, 484, 470, 774]]"
1023,SK_MRS_1349_8_r (5th copy).jpg,"[[739, 698, 830, 832], [612, 703, 722, 837], [828, 701, 917, 839], [906, 743, 972, 840]]"
1024,SK_MRS_1349_8_r (6th copy).jpg,"[[193, 698, 402, 1108]]"
1025,SK_MRS_1349_8_r (another copy).jpg,"[[702, 659, 835, 884], [870, 637, 956, 859]]"
1026,SK_MRS_1349_9_r (3rd copy).jpg,"[[440, 621, 592, 1016]]"
1027,SK_MRS_1349_9_r (4th copy).jpg,"[[670, 512, 875, 766]]"
1028,SK_MRS_1349_9_r (5th copy).jpg,"[[514, 554, 657, 908], [656, 561, 768, 885]]"
1029,SK_MRS_1349_9_r.jpg,"[[209, 327, 430, 932], [396, 531, 578, 889], [679, 508, 1002, 1013], [71, 400, 202, 851]]"
1030,SK_MRS_1350_13_r.jpg,"[[505, 444, 602, 707], [358, 448, 451, 726]]"
1031,SK_MRS_1350_14_r.jpg,"[[465, 487, 559, 755], [306, 481, 409, 764]]"
1032,SK_MRS_1350_16_r.jpg,"[[482, 128, 676, 656], [876, 89, 1085, 668], [335, 249, 458, 563], [728, 208, 832, 558], [655, 228, 753, 548]]"
1033,SK_MRS_1350_17_r.jpg,"[[724, 475, 868, 800], [889, 486, 995, 787], [959, 473, 1110, 804]]"
1034,SK_MRS_1350_21_r.jpg,"[[457, 537, 539, 759]]"
1035,SK_MRS_1350_22_r.jpg,"[[279, 577, 428, 1035]]"
1036,SK_MRS_1350_27_r.jpg,"[[783, 663, 875, 900], [586, 659, 670, 904], [711, 688, 773, 895]]"
1037,SK_MRS_1350_2_r.jpg,"[[1223, 666, 1266, 785], [1171, 676, 1212, 783]]"
1038,SK_MRS_1350_30_r.jpg,"[[837, 277, 995, 673]]"
1039,SK_MRS_1350_7_r.jpg,"[[557, 684, 613, 796], [807, 746, 903, 993], [471, 671, 512, 773], [709, 738, 806, 967], [580, 758, 675, 975]]"
1040,SK_MRS_1350_8_r.jpg,"[[519, 431, 630, 674], [618, 430, 703, 679]]"
1041,SK_MRS_1350_9_r.jpg,"[[186, 228, 285, 417]]"
1042,SK_MRS_1351_1_r.jpg,"[[449, 327, 639, 669], [66, 135, 287, 621], [275, 82, 539, 699], [742, 292, 1074, 796]]"
1043,SK_MRS_1351_2_r.jpg,"[[194, 183, 417, 858], [3, 271, 197, 759], [379, 418, 607, 808], [664, 402, 1040, 964]]"
1044,SK_MRS_1352_12_r.jpg,"[[913, 491, 1051, 870]]"
1045,SK_MRS_1352_16_r.jpg,"[[732, 303, 779, 387]]"
1046,SK_MRS_1352_2_r.jpg,"[[166, 755, 225, 924], [372, 762, 486, 972], [243, 758, 299, 934], [1037, 444, 1100, 613]]"
1047,SK_MRS_1352_4_r.jpg,"[[1170, 412, 1223, 509], [1054, 429, 1080, 520], [998, 446, 1037, 522]]"
1048,SK_MRS_1352_5_r.jpg,"[[744, 317, 790, 396], [161, 337, 204, 416]]"
1049,SK_MRS_1352_7_r.jpg,"[[577, 699, 618, 801]]"
1050,SK_MRS_1353_100_r.jpg,"[[870, 684, 969, 945]]"
1051,SK_MRS_1353_101_r.jpg,"[[448, 651, 600, 1055]]"
1052,SK_MRS_1353_107_r.jpg,"[[240, 226, 463, 779]]"
1053,SK_MRS_1353_109_r.jpg,"[[1099, 456, 1189, 713], [877, 509, 975, 768]]"
1054,SK_MRS_1353_110_r.jpg,"[[542, 308, 796, 896], [971, 576, 1241, 928]]"
1055,SK_MRS_1353_113_r.jpg,"[[847, 273, 1111, 686]]"
1056,SK_MRS_1353_116_r.jpg,"[[743, 752, 842, 902], [838, 760, 940, 903], [612, 756, 733, 898]]"
1057,SK_MRS_1353_117_r.jpg,"[[821, 285, 887, 368]]"
1058,SK_MRS_1353_118_r.jpg,"[[369, 532, 560, 943]]"
1059,SK_MRS_1353_11_r.jpg,"[[1003, 344, 1057, 416]]"
1060,SK_MRS_1353_123_r.jpg,"[[364, 542, 419, 698], [479, 531, 555, 700]]"
1061,SK_MRS_1353_13_r.jpg,"[[337, 536, 577, 1055], [551, 395, 686, 719], [49, 388, 162, 668], [898, 543, 1145, 1148], [100, 710, 346, 1208], [762, 588, 910, 834], [383, 397, 523, 624], [138, 381, 272, 662], [664, 401, 790, 739]]"
1062,SK_MRS_1353_14_r.jpg,"[[675, 352, 776, 527], [157, 352, 270, 533]]"
1063,SK_MRS_1353_16_r.jpg,"[[722, 278, 866, 460]]"
1064,SK_MRS_1353_17_r.jpg,"[[674, 281, 757, 385]]"
1065,SK_MRS_1353_1a_r.jpg,"[[163, 639, 248, 769]]"
1066,SK_MRS_1353_22_r.jpg,"[[803, 23, 1196, 708]]"
1067,SK_MRS_1353_29_r.jpg,"[[176, 66, 409, 514], [862, 93, 1077, 523]]"
1068,SK_MRS_1353_32_r.jpg,"[[146, 260, 439, 607], [806, 270, 1083, 608]]"
1069,SK_MRS_1353_33_r.jpg,"[[865, 218, 1156, 660], [216, 220, 495, 657]]"
1070,SK_MRS_1353_34_r.jpg,"[[171, 209, 435, 614], [795, 225, 1063, 614]]"
1071,SK_MRS_1353_38_r.jpg,"[[426, 437, 501, 572], [58, 486, 101, 602]]"
1072,SK_MRS_1353_41_r.jpg,"[[791, 321, 862, 405], [196, 321, 260, 404]]"
1073,SK_MRS_1353_52_r.jpg,"[[911, 736, 979, 877]]"
1074,SK_MRS_1353_57_r.jpg,"[[634, 468, 716, 695]]"
1075,SK_MRS_1353_60_r.jpg,"[[547, 498, 630, 715], [474, 485, 567, 708], [351, 473, 465, 807]]"
1076,SK_MRS_1353_61_r.jpg,"[[901, 370, 1099, 957], [447, 323, 680, 934], [769, 413, 935, 859], [743, 411, 815, 533], [624, 372, 768, 841]]"
1077,SK_MRS_1353_63_r.jpg,"[[393, 454, 611, 1057], [127, 472, 285, 944]]"
1078,SK_MRS_1353_64_r.jpg,"[[655, 473, 775, 804], [298, 393, 441, 797], [541, 480, 647, 717], [415, 408, 515, 753]]"
1079,SK_MRS_1353_72_r.jpg,"[[731, 583, 789, 733], [677, 578, 735, 737], [2, 303, 185, 985]]"
1080,SK_MRS_1353_79_r.jpg,"[[601, 441, 839, 718], [1075, 562, 1273, 859]]"
1081,SK_MRS_1353_7_r.jpg,"[[669, 715, 827, 1090], [452, 697, 513, 859], [317, 690, 419, 933], [861, 681, 964, 967], [698, 709, 751, 844], [509, 714, 643, 1077], [475, 750, 579, 997]]"
1082,SK_MRS_1353_82_r.jpg,"[[33, 693, 268, 1206]]"
1083,SK_MRS_1353_83_r.jpg,"[[582, 796, 658, 996]]"
1084,SK_MRS_1353_85_r.jpg,"[[490, 486, 675, 1064], [219, 583, 396, 1044]]"
1085,SK_MRS_1353_88_r.jpg,"[[491, 309, 546, 418], [740, 1108, 796, 1272], [912, 1115, 982, 1275], [878, 1139, 920, 1264], [643, 253, 710, 340]]"
1086,SK_MRS_1353_89_r.jpg,"[[695, 429, 803, 750]]"
1087,SK_MRS_1353_8_r.jpg,"[[587, 311, 740, 750], [848, 422, 957, 755], [56, 331, 1247, 764], [745, 369, 881, 752], [479, 428, 592, 752], [357, 419, 459, 729]]"
1088,SK_MRS_1353_92_r.jpg,"[[332, 774, 435, 994], [715, 649, 975, 1050], [537, 756, 632, 1009], [391, 798, 511, 1006], [502, 757, 589, 1006], [266, 784, 343, 976]]"
1089,SK_MRS_1353_93_r.jpg,"[[71, 1090, 249, 1222]]"
1090,SK_MRS_1353_95_r.jpg,"[[549, 696, 642, 903]]"
1091,SK_MRS_1353_98_r.jpg,"[[868, 536, 975, 757], [707, 515, 792, 745], [795, 530, 848, 658]]"
1092,SK_MRS_1353_99_r.jpg,"[[722, 589, 821, 868], [1072, 620, 1209, 891], [1171, 610, 1280, 944]]"
1093,SK_MRS_1354_2_r.jpg,"[[3, 0, 1280, 1012]]"
1094,SK_MRS_1356_10_r.jpg,"[[240, 219, 364, 383], [841, 224, 953, 395]]"
1095,SK_MRS_1356_11_r.jpg,"[[879, 249, 993, 422]]"
1096,SK_MRS_1356_16_r.jpg,"[[585, 651, 654, 846], [528, 636, 595, 840]]"
1097,SK_MRS_1356_30_r.jpg,"[[1014, 333, 1047, 399]]"
1098,SK_MRS_1356_37_r.jpg,"[[446, 386, 495, 480]]"
1099,SK_MRS_1356_52_r.jpg,"[[294, 518, 367, 730]]"
1100,SK_MRS_1356_8_r.jpg,"[[950, 373, 983, 424]]"
1101,SK_MRS_1358_A10_r.jpg,"[[338, 526, 370, 606], [199, 495, 290, 767], [532, 489, 658, 847]]"
1102,SK_MRS_1358_A11_r.jpg,"[[347, 534, 381, 615], [712, 513, 778, 715], [786, 520, 847, 716], [535, 501, 667, 869]]"
1103,SK_MRS_1358_A12_r.jpg,"[[344, 522, 379, 602], [527, 486, 666, 846], [784, 514, 845, 705], [709, 500, 775, 702]]"
1104,SK_MRS_1358_A13_r.jpg,"[[342, 502, 375, 580], [204, 467, 294, 744]]"
1105,SK_MRS_1358_A14_r.jpg,"[[346, 517, 382, 600], [784, 512, 846, 705], [710, 497, 777, 698]]"
1106,SK_MRS_1358_A15_r.jpg,"[[342, 552, 377, 633], [205, 522, 293, 797], [947, 531, 1017, 741], [782, 537, 843, 728]]"
1107,SK_MRS_1358_A16_r.jpg,"[[1083, 478, 1200, 777], [221, 430, 311, 677], [1008, 485, 1071, 668], [715, 463, 791, 668]]"
1108,SK_MRS_1358_A17_r.jpg,"[[1088, 478, 1200, 770], [714, 459, 792, 654]]"
1109,SK_MRS_1358_A18_r.jpg,"[[1078, 492, 1188, 779], [791, 462, 858, 638], [617, 452, 679, 630], [704, 466, 780, 649]]"
1110,SK_MRS_1358_A22_r.jpg,"[[448, 484, 496, 611], [759, 477, 814, 615]]"
1111,SK_MRS_1358_A23_r.jpg,"[[430, 419, 465, 509]]"
1112,SK_MRS_1358_A24_r.jpg,"[[1073, 475, 1180, 758]]"
1113,SK_MRS_1358_A25_r.jpg,"[[527, 300, 742, 506]]"
1114,SK_MRS_1358_A26_r.jpg,"[[473, 290, 779, 631]]"
1115,SK_MRS_1358_A5_r.jpg,"[[251, 443, 285, 519], [949, 421, 1062, 740], [666, 451, 720, 600], [714, 452, 767, 603]]"
1116,SK_MRS_1358_A6_r.jpg,"[[350, 531, 383, 612], [537, 500, 669, 858], [712, 516, 779, 718]]"
1117,SK_MRS_1358_A7_r.jpg,"[[340, 532, 373, 612], [532, 491, 659, 860]]"
1118,SK_MRS_1358_A8_r.jpg,"[[351, 512, 383, 591], [713, 491, 780, 693], [788, 503, 849, 694], [488, 475, 667, 854]]"
1119,SK_MRS_1358_A9_r.jpg,"[[345, 521, 379, 599], [537, 477, 668, 849], [210, 489, 297, 761], [784, 511, 845, 700], [710, 496, 777, 698]]"
1120,SK_MRS_1358_B1_r.jpg,"[[213, 556, 308, 814]]"
1121,SK_MRS_1358_B2_r.jpg,"[[659, 527, 716, 673]]"
1122,SK_MRS_1358_B3_r.jpg,"[[669, 539, 719, 684]]"
1123,SK_MRS_1358_B4_r (5th copy).jpg,"[[916, 543, 1021, 813], [653, 537, 747, 834], [793, 548, 844, 711], [1089, 553, 1161, 739], [1166, 560, 1246, 754]]"
1124,SK_MRS_1358_B4_r (6th copy).jpg,"[[994, 494, 1102, 767], [871, 523, 926, 665]]"
1125,SK_MRS_1358_B4_r (7th copy).jpg,"[[227, 597, 324, 904]]"
1126,SK_MRS_1358_B4_r (8th copy).jpg,"[[353, 552, 455, 880]]"
1127,SK_MRS_1358_C1_r.jpg,"[[415, 623, 577, 1025], [306, 614, 417, 1002], [590, 612, 708, 1054]]"
1128,SK_MRS_1358_C2_r.jpg,"[[311, 339, 583, 922], [783, 388, 973, 903], [591, 386, 779, 878], [975, 409, 1105, 706]]"
1129,SK_MRS_1358_C3_r.jpg,"[[737, 383, 838, 570], [343, 386, 436, 632], [263, 388, 337, 571], [615, 377, 707, 590]]"
1130,SK_MRS_1358_C4_r.jpg,"[[798, 445, 930, 810], [958, 418, 1153, 935], [431, 457, 526, 717], [238, 345, 368, 724]]"
1131,SK_MRS_1358_D1_r.jpg,"[[400, 564, 572, 1073], [207, 519, 351, 1073]]"
1132,SK_MRS_1358_E11_r.jpg,"[[839, 443, 971, 775], [352, 404, 410, 581], [297, 404, 353, 590]]"
1133,SK_MRS_1358_E13_r.jpg,"[[234, 524, 289, 676], [670, 554, 711, 665], [580, 548, 641, 761], [764, 549, 832, 743]]"
1134,SK_MRS_1358_E1_r.jpg,"[[947, 474, 1119, 926], [597, 470, 725, 761], [368, 461, 436, 681]]"
1135,SK_MRS_1358_E22_r.jpg,"[[586, 478, 782, 954], [227, 509, 428, 984], [397, 475, 576, 996], [757, 478, 929, 969]]"
1136,SK_MRS_1358_E23_r.jpg,"[[184, 520, 386, 999], [716, 521, 878, 1024]]"
1137,SK_MRS_1358_E24_r.jpg,"[[605, 483, 799, 959], [778, 482, 944, 984]]"
1138,SK_MRS_1358_E25_r.jpg,"[[576, 498, 757, 979], [375, 513, 567, 996], [207, 509, 403, 976], [742, 489, 900, 974]]"
1139,SK_MRS_1358_E26_r.jpg,"[[574, 463, 738, 932], [727, 460, 889, 951], [208, 469, 396, 912]]"
1140,SK_MRS_1358_E27_r.jpg,"[[596, 443, 786, 932], [411, 424, 583, 918], [765, 443, 927, 952]]"
1141,SK_MRS_1358_E28_r.jpg,"[[263, 503, 443, 996], [768, 521, 930, 1002], [635, 521, 805, 979], [424, 519, 605, 1038]]"
1142,SK_MRS_1358_E29_r.jpg,"[[507, 576, 568, 745], [624, 580, 712, 821], [364, 552, 426, 766]]"
1143,SK_MRS_1358_E2_r (another copy).jpg,"[[288, 510, 351, 636]]"
1144,SK_MRS_1358_E2_r.jpg,"[[165, 607, 237, 732], [1060, 601, 1280, 1122]]"
1145,SK_MRS_1358_E31_r.jpg,"[[343, 576, 411, 779], [479, 580, 566, 866], [841, 592, 898, 756], [425, 580, 501, 850], [986, 599, 1041, 781], [891, 593, 944, 766]]"
1146,SK_MRS_1358_E33_r.jpg,"[[385, 733, 468, 1008], [321, 729, 400, 994], [735, 748, 787, 909], [248, 717, 316, 923], [930, 748, 986, 940], [872, 755, 931, 937], [782, 750, 834, 918], [688, 736, 738, 900]]"
1147,SK_MRS_1358_E35_r.jpg,"[[514, 539, 581, 716]]"
1148,SK_MRS_1358_E4_r (3rd copy).jpg,"[[309, 683, 407, 932]]"
1149,SK_MRS_1358_E5_r (3rd copy).jpg,"[[557, 787, 682, 1058]]"
1150,SK_MRS_1358_E5_r (another copy).jpg,"[[678, 686, 784, 852]]"
1151,SK_MRS_1358_E5_r (copy).jpg,"[[466, 531, 634, 742]]"
1152,SK_MRS_1358_E9_r.jpg,"[[392, 522, 458, 686]]"
1153,SK_MRS_1359_2_r.jpg,"[[180, 573, 317, 992]]"
1154,SK_MRS_1359_4_r.jpg,"[[315, 588, 404, 905]]"
1155,SK_MRS_1359_5_r.jpg,"[[334, 219, 540, 624], [542, 217, 782, 590]]"
1156,SK_MRS_1360_1_r.jpg,"[[138, 207, 893, 1202]]"
1157,SK_MRS_1361_1_r.jpg,"[[174, 306, 835, 1144]]"
1158,SK_MRS_1361_2_r.jpg,"[[158, 326, 769, 1144]]"
1159,SK_MRS_1361_3_r.jpg,"[[279, 299, 926, 970]]"
1160,SK_MRS_1361_4_r.jpg,"[[117, 184, 753, 1199]]"
1161,SK_MRS_1361_5_r.jpg,"[[49, 399, 1202, 715], [483, 513, 571, 687], [46, 484, 138, 707]]"
1162,SK_MRS_1362_1_r.jpg,"[[147, 165, 793, 1011]]"
1163,SK_MRS_1362_2_r.jpg,"[[241, 239, 718, 1014]]"
1164,SK_MRS_1363_A1_04.jpg,"[[313, 310, 517, 601]]"
1165,SK_MRS_1363_A1_06.jpg,"[[356, 114, 562, 558]]"
1166,w.jpg,"[[423, 415, 609, 819]]"
